{"stats":{"minecraft:broken":{"minecraft:stone_pickaxe":1},"minecraft:picked_up":{"minecraft:crafting_table":4,"minecraft:andesite":15,"minecraft:enchanted_book":1,"minecraft:tuff":8,"minecraft:oak_log":9,"minecraft:brewing_stand":1,"minecraft:gunpowder":23,"minecraft:dirt":7,"minecraft:lapis_lazuli":18,"minecraft:string":42,"minecraft:raw_copper":12,"minecraft:name_tag":1,"minecraft:bone":22,"minecraft:cobbled_deepslate":243,"minecraft:raw_gold":14,"minecraft:bucket":1,"minecraft:iron_ingot":3,"minecraft:furnace":4,"minecraft:raw_iron":80,"minecraft:torch":22,"minecraft:diorite":14,"minecraft:spider_eye":4,"minecraft:arrow":20,"minecraft:rotten_flesh":48,"minecraft:diamond":46,"minecraft:beetroot_seeds":4,"minecraft:granite":20,"minecraft:golden_apple":1,"minecraft:bread":4,"minecraft:melon_seeds":5,"minecraft:coal":38,"minecraft:ender_pearl":1,"minecraft:cobblestone":179,"minecraft:diamond_pickaxe":1},"minecraft:dropped":{"minecraft:cobbled_deepslate":23,"minecraft:iron_helmet":1,"minecraft:oak_planks":7,"minecraft:stick":2,"minecraft:diamond_pickaxe":1,"minecraft:spider_eye":1,"minecraft:wooden_pickaxe":1,"minecraft:iron_pickaxe":1},"minecraft:mined":{"minecraft:tuff":44,"minecraft:mossy_cobblestone":5,"minecraft:deepslate_diamond_ore":46,"minecraft:brewing_stand":1,"minecraft:crafting_table":4,"minecraft:granite":20,"minecraft:grass_block":2,"minecraft:chest":15,"minecraft:copper_ore":1,"minecraft:cobblestone":17,"minecraft:deepslate_gold_ore":8,"minecraft:diorite":12,"minecraft:wall_torch":1,"minecraft:spawner":6,"minecraft:deepslate_copper_ore":2,"minecraft:furnace":4,"minecraft:iron_ore":70,"minecraft:andesite":21,"minecraft:deepslate_lapis_ore":3,"minecraft:grass":1,"minecraft:oak_log":9,"minecraft:coal_ore":24,"minecraft:deepslate_iron_ore":10,"minecraft:dirt":9,"minecraft:stone":210,"minecraft:gold_ore":6,"minecraft:deepslate":599},"minecraft:used":{"minecraft:water_bucket":76,"minecraft:diorite":12,"minecraft:stone_pickaxe":131,"minecraft:wooden_pickaxe":3,"minecraft:shield":43,"minecraft:iron_sword":470,"minecraft:rotten_flesh":19,"minecraft:iron_chestplate":1,"minecraft:torch":10,"minecraft:dirt":7,"minecraft:crafting_table":5,"minecraft:diamond_helmet":1,"minecraft:tuff":1,"minecraft:granite":1,"minecraft:diamond_pickaxe":568,"minecraft:bread":3,"minecraft:iron_pickaxe":466,"minecraft:stone_axe":25,"minecraft:cobblestone":77,"minecraft:furnace":4,"minecraft:bucket":77,"minecraft:andesite":14,"minecraft:cobbled_deepslate":157},"minecraft:crafted":{"minecraft:oak_planks":36,"minecraft:crafting_table":1,"minecraft:wooden_pickaxe":1,"minecraft:iron_helmet":1,"minecraft:iron_sword":3,"minecraft:furnace":4,"minecraft:bucket":1,"minecraft:stone_axe":1,"minecraft:air":0,"minecraft:diamond_helmet":1,"minecraft:iron_boots":1,"minecraft:iron_chestplate":1,"minecraft:diamond_pickaxe":1,"minecraft:shield":2,"minecraft:stick":20,"minecraft:iron_ingot":70,"minecraft:iron_pickaxe":3,"minecraft:stone_pickaxe":1,"minecraft:iron_block":3,"minecraft:iron_leggings":1,"minecraft:anvil":1,"minecraft:torch":8},"minecraft:killed":{"minecraft:zombie_villager":1,"minecraft:spider":19,"minecraft:creeper":13,"minecraft:skeleton":22,"minecraft:zombie":59,"minecraft:enderman":1},"minecraft:custom":{"minecraft:interact_with_furnace":35,"minecraft:mob_kills":116,"minecraft:interact_with_crafting_table":22,"minecraft:leave_game":2,"minecraft:time_since_death":69663,"minecraft:time_since_rest":69663,"minecraft:sprint_one_cm":631,"minecraft:damage_taken":212,"minecraft:walk_one_cm":110952,"minecraft:damage_blocked_by_shield":1730,"minecraft:drop":12,"minecraft:damage_dealt":22923,"minecraft:swim_one_cm":12193,"minecraft:fly_one_cm":172869,"minecraft:open_chest":22,"minecraft:play_time":69663,"minecraft:crouch_one_cm":24387,"minecraft:sneak_time":16172,"minecraft:walk_under_water_one_cm":8384,"minecraft:jump":1150,"minecraft:walk_on_water_one_cm":4244,"minecraft:total_world_time":69663,"minecraft:fall_one_cm":1672}},"DataVersion":3578}