{"stats":{"minecraft:broken":{"minecraft:stone_pickaxe":1},"minecraft:picked_up":{"minecraft:crafting_table":1,"minecraft:raw_iron":70,"minecraft:andesite":14,"minecraft:oak_log":9,"minecraft:diorite":11,"minecraft:gunpowder":8,"minecraft:spider_eye":1,"minecraft:string":12,"minecraft:dirt":7,"minecraft:raw_copper":4,"minecraft:bone":3,"minecraft:arrow":8,"minecraft:rotten_flesh":14,"minecraft:raw_gold":6,"minecraft:coal":24,"minecraft:cobblestone":120,"minecraft:ender_pearl":1},"minecraft:dropped":{"minecraft:wooden_pickaxe":1},"minecraft:mined":{"minecraft:iron_ore":70,"minecraft:andesite":14,"minecraft:crafting_table":1,"minecraft:grass":1,"minecraft:oak_log":9,"minecraft:grass_block":1,"minecraft:coal_ore":24,"minecraft:dirt":6,"minecraft:copper_ore":1,"minecraft:cobblestone":2,"minecraft:stone":118,"minecraft:gold_ore":6,"minecraft:diorite":9},"minecraft:used":{"minecraft:diorite":5,"minecraft:stone_pickaxe":131,"minecraft:iron_pickaxe":116,"minecraft:shield":18,"minecraft:wooden_pickaxe":3,"minecraft:iron_sword":195,"minecraft:rotten_flesh":3,"minecraft:dirt":5,"minecraft:cobblestone":42,"minecraft:crafting_table":2,"minecraft:furnace":1,"minecraft:andesite":13},"minecraft:crafted":{"minecraft:oak_planks":36,"minecraft:shield":1,"minecraft:crafting_table":1,"minecraft:stick":8,"minecraft:iron_pickaxe":1,"minecraft:wooden_pickaxe":1,"minecraft:iron_ingot":7,"minecraft:stone_pickaxe":1,"minecraft:iron_sword":1,"minecraft:furnace":1,"minecraft:air":0},"minecraft:killed":{"minecraft:skeleton":8,"minecraft:zombie":17,"minecraft:spider":12,"minecraft:creeper":9,"minecraft:enderman":1},"minecraft:custom":{"minecraft:time_since_rest":19358,"minecraft:interact_with_furnace":5,"minecraft:sprint_one_cm":21,"minecraft:damage_taken":80,"minecraft:walk_one_cm":37429,"minecraft:damage_blocked_by_shield":760,"minecraft:mob_kills":47,"minecraft:drop":1,"minecraft:damage_dealt":9417,"minecraft:swim_one_cm":2902,"minecraft:interact_with_crafting_table":8,"minecraft:fly_one_cm":78373,"minecraft:crouch_one_cm":10580,"minecraft:play_time":19358,"minecraft:sneak_time":6619,"minecraft:walk_under_water_one_cm":732,"minecraft:jump":374,"minecraft:leave_game":1,"minecraft:walk_on_water_one_cm":1030,"minecraft:time_since_death":19358,"minecraft:total_world_time":19358,"minecraft:fall_one_cm":1672}},"DataVersion":3578}