{"stats":{"minecraft:broken":{"minecraft:stone_pickaxe":1},"minecraft:picked_up":{"minecraft:birch_log":1,"minecraft:crafting_table":5,"minecraft:anvil":2,"minecraft:andesite":15,"minecraft:enchanted_book":2,"minecraft:tuff":8,"minecraft:oak_log":15,"minecraft:brewing_stand":1,"minecraft:gunpowder":23,"minecraft:dirt":8,"minecraft:lapis_lazuli":18,"minecraft:string":106,"minecraft:raw_copper":12,"minecraft:name_tag":4,"minecraft:bone":39,"minecraft:cobbled_deepslate":277,"minecraft:raw_gold":14,"minecraft:bucket":2,"minecraft:iron_ingot":3,"minecraft:oak_planks":2,"minecraft:furnace":4,"minecraft:stick":4,"minecraft:raw_iron":83,"minecraft:torch":22,"minecraft:diorite":14,"minecraft:white_bed":1,"minecraft:spider_eye":4,"minecraft:arrow":31,"minecraft:rotten_flesh":48,"minecraft:diamond":58,"minecraft:stone_axe":2,"minecraft:beetroot_seeds":4,"minecraft:granite":20,"minecraft:golden_apple":1,"minecraft:gold_ingot":4,"minecraft:bread":5,"minecraft:obsidian":1,"minecraft:melon_seeds":5,"minecraft:coal":38,"minecraft:ender_pearl":6,"minecraft:cobblestone":183,"minecraft:diamond_pickaxe":1},"minecraft:dropped":{"minecraft:enchanted_book":1,"minecraft:iron_sword":1,"minecraft:stone_axe":3,"minecraft:cobbled_deepslate":53,"minecraft:raw_copper":12,"minecraft:tuff":7,"minecraft:iron_helmet":1,"minecraft:oak_planks":13,"minecraft:iron_boots":1,"minecraft:granite":12,"minecraft:stick":5,"minecraft:iron_chestplate":1,"minecraft:diamond_pickaxe":1,"minecraft:melon_seeds":12,"minecraft:spider_eye":1,"minecraft:wooden_pickaxe":1,"minecraft:iron_pickaxe":1,"minecraft:string":56},"minecraft:mined":{"minecraft:tuff":47,"minecraft:white_bed":1,"minecraft:mossy_cobblestone":5,"minecraft:deepslate_diamond_ore":51,"minecraft:obsidian":2,"minecraft:brewing_stand":1,"minecraft:crafting_table":5,"minecraft:granite":20,"minecraft:grass_block":6,"minecraft:chest":27,"minecraft:copper_ore":1,"minecraft:cobblestone":29,"minecraft:deepslate_gold_ore":8,"minecraft:diorite":12,"minecraft:wall_torch":1,"minecraft:spawner":13,"minecraft:deepslate_copper_ore":2,"minecraft:furnace":4,"minecraft:birch_log":1,"minecraft:iron_ore":71,"minecraft:cobbled_deepslate":1,"minecraft:andesite":22,"minecraft:anvil":2,"minecraft:deepslate_lapis_ore":3,"minecraft:grass":1,"minecraft:oak_log":15,"minecraft:coal_ore":24,"minecraft:deepslate_iron_ore":10,"minecraft:dirt":20,"minecraft:cobweb":1,"minecraft:stone":287,"minecraft:gold_ore":6,"minecraft:oak_leaves":1,"minecraft:deepslate":659},"minecraft:used":{"minecraft:water_bucket":80,"minecraft:diorite":12,"minecraft:diamond_boots":2,"minecraft:stone_pickaxe":131,"minecraft:wooden_pickaxe":3,"minecraft:shield":56,"minecraft:iron_sword":473,"minecraft:diamond_axe":11,"minecraft:rotten_flesh":19,"minecraft:iron_chestplate":1,"minecraft:torch":10,"minecraft:dirt":8,"minecraft:anvil":2,"minecraft:crafting_table":7,"minecraft:diamond_helmet":1,"minecraft:tuff":1,"minecraft:granite":8,"minecraft:diamond_pickaxe":770,"minecraft:diamond_shovel":9,"minecraft:bread":5,"minecraft:iron_pickaxe":466,"minecraft:diamond_chestplate":1,"minecraft:stone_axe":35,"minecraft:diamond_sword":56,"minecraft:cobblestone":112,"minecraft:furnace":4,"minecraft:bucket":81,"minecraft:andesite":14,"minecraft:cobbled_deepslate":158},"minecraft:crafted":{"minecraft:oak_planks":44,"minecraft:diamond_sword":1,"minecraft:diamond_axe":1,"minecraft:crafting_table":2,"minecraft:wooden_pickaxe":1,"minecraft:iron_helmet":1,"minecraft:iron_sword":3,"minecraft:furnace":4,"minecraft:bucket":1,"minecraft:diamond_shovel":1,"minecraft:birch_planks":4,"minecraft:stone_axe":1,"minecraft:air":0,"minecraft:bow":1,"minecraft:diamond_helmet":1,"minecraft:iron_boots":1,"minecraft:iron_chestplate":1,"minecraft:diamond_pickaxe":1,"minecraft:shield":3,"minecraft:stick":28,"minecraft:iron_ingot":70,"minecraft:iron_pickaxe":3,"minecraft:stone_pickaxe":1,"minecraft:diamond_boots":1,"minecraft:iron_block":3,"minecraft:iron_leggings":1,"minecraft:anvil":1,"minecraft:torch":8,"minecraft:diamond_chestplate":1},"minecraft:killed":{"minecraft:zombie_villager":2,"minecraft:spider":25,"minecraft:creeper":14,"minecraft:skeleton":29,"minecraft:zombie":64,"minecraft:enderman":3},"minecraft:custom":{"minecraft:interact_with_furnace":35,"minecraft:interact_with_anvil":5,"minecraft:mob_kills":138,"minecraft:interact_with_crafting_table":31,"minecraft:leave_game":3,"minecraft:time_since_death":88132,"minecraft:time_since_rest":88132,"minecraft:sprint_one_cm":631,"minecraft:damage_taken":258,"minecraft:walk_one_cm":139915,"minecraft:damage_blocked_by_shield":2200,"minecraft:drop":33,"minecraft:damage_dealt":27570,"minecraft:swim_one_cm":12855,"minecraft:fly_one_cm":245141,"minecraft:open_chest":39,"minecraft:play_time":88132,"minecraft:crouch_one_cm":28496,"minecraft:sneak_time":19394,"minecraft:walk_under_water_one_cm":8741,"minecraft:jump":1452,"minecraft:walk_on_water_one_cm":4440,"minecraft:total_world_time":88132,"minecraft:fall_one_cm":1672}},"DataVersion":3578}