{"stats":{"minecraft:broken":{"minecraft:stone_pickaxe":1},"minecraft:picked_up":{"minecraft:crafting_table":4,"minecraft:andesite":15,"minecraft:oak_log":9,"minecraft:gunpowder":8,"minecraft:lapis_lazuli":14,"minecraft:string":17,"minecraft:dirt":7,"minecraft:raw_copper":12,"minecraft:bone":9,"minecraft:cobbled_deepslate":142,"minecraft:raw_gold":14,"minecraft:furnace":4,"minecraft:raw_iron":78,"minecraft:torch":5,"minecraft:diorite":14,"minecraft:spider_eye":4,"minecraft:arrow":15,"minecraft:rotten_flesh":31,"minecraft:diamond":31,"minecraft:granite":14,"minecraft:coal":37,"minecraft:cobblestone":174,"minecraft:ender_pearl":1},"minecraft:dropped":{"minecraft:cobbled_deepslate":8,"minecraft:iron_helmet":1,"minecraft:spider_eye":1,"minecraft:wooden_pickaxe":1,"minecraft:iron_pickaxe":1},"minecraft:mined":{"minecraft:tuff":9,"minecraft:mossy_cobblestone":1,"minecraft:deepslate_diamond_ore":31,"minecraft:crafting_table":4,"minecraft:granite":14,"minecraft:grass_block":1,"minecraft:chest":5,"minecraft:copper_ore":1,"minecraft:cobblestone":8,"minecraft:deepslate_gold_ore":8,"minecraft:diorite":12,"minecraft:wall_torch":1,"minecraft:spawner":2,"minecraft:deepslate_copper_ore":2,"minecraft:furnace":4,"minecraft:iron_ore":70,"minecraft:andesite":15,"minecraft:deepslate_lapis_ore":2,"minecraft:grass":1,"minecraft:coal_ore":24,"minecraft:oak_log":9,"minecraft:deepslate_iron_ore":8,"minecraft:dirt":6,"minecraft:stone":166,"minecraft:gold_ore":6,"minecraft:deepslate":196},"minecraft:used":{"minecraft:water_bucket":74,"minecraft:diorite":12,"minecraft:stone_pickaxe":131,"minecraft:shield":31,"minecraft:wooden_pickaxe":3,"minecraft:iron_sword":319,"minecraft:rotten_flesh":15,"minecraft:iron_chestplate":1,"minecraft:torch":5,"minecraft:dirt":7,"minecraft:crafting_table":5,"minecraft:diamond_helmet":1,"minecraft:diamond_pickaxe":3,"minecraft:iron_pickaxe":466,"minecraft:stone_axe":7,"minecraft:cobblestone":67,"minecraft:furnace":4,"minecraft:andesite":14,"minecraft:bucket":74,"minecraft:cobbled_deepslate":7},"minecraft:crafted":{"minecraft:oak_planks":36,"minecraft:crafting_table":1,"minecraft:wooden_pickaxe":1,"minecraft:iron_helmet":1,"minecraft:iron_sword":3,"minecraft:furnace":4,"minecraft:bucket":1,"minecraft:stone_axe":1,"minecraft:air":0,"minecraft:diamond_helmet":1,"minecraft:iron_boots":1,"minecraft:iron_chestplate":1,"minecraft:diamond_pickaxe":1,"minecraft:shield":2,"minecraft:stick":20,"minecraft:iron_ingot":70,"minecraft:iron_pickaxe":3,"minecraft:stone_pickaxe":1,"minecraft:iron_block":3,"minecraft:iron_leggings":1,"minecraft:anvil":1,"minecraft:torch":8},"minecraft:killed":{"minecraft:spider":17,"minecraft:creeper":12,"minecraft:skeleton":17,"minecraft:zombie":34,"minecraft:enderman":1},"minecraft:custom":{"minecraft:interact_with_furnace":35,"minecraft:mob_kills":81,"minecraft:interact_with_crafting_table":22,"minecraft:leave_game":1,"minecraft:time_since_death":46061,"minecraft:time_since_rest":46061,"minecraft:sprint_one_cm":571,"minecraft:damage_taken":154,"minecraft:walk_one_cm":67948,"minecraft:damage_blocked_by_shield":1200,"minecraft:drop":6,"minecraft:damage_dealt":16015,"minecraft:swim_one_cm":11544,"minecraft:fly_one_cm":112099,"minecraft:open_chest":9,"minecraft:crouch_one_cm":20695,"minecraft:play_time":46061,"minecraft:sneak_time":13331,"minecraft:walk_under_water_one_cm":8168,"minecraft:jump":631,"minecraft:walk_on_water_one_cm":3050,"minecraft:total_world_time":46061,"minecraft:fall_one_cm":1672}},"DataVersion":3578}