{"stats":{"minecraft:broken":{"minecraft:stone_pickaxe":1},"minecraft:picked_up":{"minecraft:crafting_table":4,"minecraft:andesite":15,"minecraft:enchanted_book":1,"minecraft:tuff":8,"minecraft:oak_log":9,"minecraft:gunpowder":8,"minecraft:dirt":7,"minecraft:lapis_lazuli":18,"minecraft:string":21,"minecraft:raw_copper":12,"minecraft:name_tag":1,"minecraft:bone":13,"minecraft:cobbled_deepslate":214,"minecraft:raw_gold":14,"minecraft:furnace":4,"minecraft:raw_iron":79,"minecraft:torch":17,"minecraft:diorite":14,"minecraft:spider_eye":4,"minecraft:arrow":19,"minecraft:rotten_flesh":48,"minecraft:diamond":42,"minecraft:granite":14,"minecraft:bread":3,"minecraft:coal":37,"minecraft:diamond_pickaxe":1,"minecraft:cobblestone":179,"minecraft:ender_pearl":1},"minecraft:dropped":{"minecraft:cobbled_deepslate":12,"minecraft:iron_helmet":1,"minecraft:oak_planks":7,"minecraft:stick":2,"minecraft:diamond_pickaxe":1,"minecraft:spider_eye":1,"minecraft:wooden_pickaxe":1,"minecraft:iron_pickaxe":1},"minecraft:mined":{"minecraft:tuff":44,"minecraft:mossy_cobblestone":3,"minecraft:deepslate_diamond_ore":42,"minecraft:crafting_table":4,"minecraft:granite":14,"minecraft:grass_block":1,"minecraft:chest":10,"minecraft:copper_ore":1,"minecraft:cobblestone":13,"minecraft:deepslate_gold_ore":8,"minecraft:diorite":12,"minecraft:wall_torch":1,"minecraft:spawner":3,"minecraft:deepslate_copper_ore":2,"minecraft:furnace":4,"minecraft:iron_ore":70,"minecraft:andesite":15,"minecraft:deepslate_lapis_ore":3,"minecraft:grass":1,"minecraft:oak_log":9,"minecraft:coal_ore":24,"minecraft:deepslate_iron_ore":9,"minecraft:dirt":6,"minecraft:stone":166,"minecraft:gold_ore":6,"minecraft:deepslate":386},"minecraft:used":{"minecraft:water_bucket":74,"minecraft:diorite":12,"minecraft:stone_pickaxe":131,"minecraft:wooden_pickaxe":3,"minecraft:shield":39,"minecraft:iron_sword":437,"minecraft:rotten_flesh":19,"minecraft:iron_chestplate":1,"minecraft:torch":10,"minecraft:dirt":7,"minecraft:crafting_table":5,"minecraft:diamond_helmet":1,"minecraft:diamond_pickaxe":276,"minecraft:bread":2,"minecraft:iron_pickaxe":466,"minecraft:stone_axe":18,"minecraft:cobblestone":77,"minecraft:furnace":4,"minecraft:bucket":75,"minecraft:andesite":14,"minecraft:cobbled_deepslate":75},"minecraft:crafted":{"minecraft:oak_planks":36,"minecraft:crafting_table":1,"minecraft:wooden_pickaxe":1,"minecraft:iron_helmet":1,"minecraft:iron_sword":3,"minecraft:furnace":4,"minecraft:bucket":1,"minecraft:stone_axe":1,"minecraft:air":0,"minecraft:diamond_helmet":1,"minecraft:iron_boots":1,"minecraft:iron_chestplate":1,"minecraft:diamond_pickaxe":1,"minecraft:shield":2,"minecraft:stick":20,"minecraft:iron_ingot":70,"minecraft:iron_pickaxe":3,"minecraft:stone_pickaxe":1,"minecraft:iron_block":3,"minecraft:iron_leggings":1,"minecraft:anvil":1,"minecraft:torch":8},"minecraft:killed":{"minecraft:zombie_villager":1,"minecraft:spider":19,"minecraft:creeper":13,"minecraft:skeleton":20,"minecraft:zombie":53,"minecraft:enderman":1},"minecraft:custom":{"minecraft:interact_with_furnace":35,"minecraft:mob_kills":107,"minecraft:interact_with_crafting_table":22,"minecraft:leave_game":1,"minecraft:time_since_death":57754,"minecraft:time_since_rest":57754,"minecraft:sprint_one_cm":571,"minecraft:damage_taken":178,"minecraft:walk_one_cm":84798,"minecraft:damage_blocked_by_shield":1490,"minecraft:drop":10,"minecraft:damage_dealt":21116,"minecraft:swim_one_cm":11544,"minecraft:fly_one_cm":140852,"minecraft:open_chest":16,"minecraft:play_time":57754,"minecraft:crouch_one_cm":22297,"minecraft:sneak_time":14781,"minecraft:walk_under_water_one_cm":8168,"minecraft:jump":871,"minecraft:walk_on_water_one_cm":3050,"minecraft:total_world_time":57754,"minecraft:fall_one_cm":1672}},"DataVersion":3578}