{"stats":{"minecraft:broken":{"minecraft:stone_pickaxe":1},"minecraft:picked_up":{"minecraft:birch_log":1,"minecraft:crafting_table":5,"minecraft:wheat":1,"minecraft:anvil":2,"minecraft:andesite":15,"minecraft:enchanted_book":2,"minecraft:tuff":10,"minecraft:oak_log":15,"minecraft:music_disc_cat":1,"minecraft:brewing_stand":1,"minecraft:gunpowder":27,"minecraft:lapis_lazuli":18,"minecraft:dirt":8,"minecraft:string":106,"minecraft:raw_copper":12,"minecraft:name_tag":4,"minecraft:bone":42,"minecraft:cobbled_deepslate":405,"minecraft:raw_gold":14,"minecraft:bucket":3,"minecraft:iron_ingot":4,"minecraft:oak_planks":2,"minecraft:furnace":4,"minecraft:stick":4,"minecraft:raw_iron":83,"minecraft:torch":66,"minecraft:diorite":14,"minecraft:white_bed":1,"minecraft:spider_eye":4,"minecraft:arrow":31,"minecraft:rotten_flesh":48,"minecraft:diamond":62,"minecraft:stone_axe":2,"minecraft:beetroot_seeds":4,"minecraft:granite":20,"minecraft:golden_apple":1,"minecraft:gold_ingot":4,"minecraft:bread":5,"minecraft:melon_seeds":5,"minecraft:obsidian":1,"minecraft:coal":40,"minecraft:ender_pearl":6,"minecraft:cobblestone":194,"minecraft:diamond_pickaxe":1},"minecraft:dropped":{"minecraft:enchanted_book":1,"minecraft:iron_sword":1,"minecraft:stone_axe":3,"minecraft:cobbled_deepslate":54,"minecraft:wheat":1,"minecraft:raw_copper":12,"minecraft:tuff":9,"minecraft:iron_helmet":1,"minecraft:cobblestone":1,"minecraft:oak_planks":13,"minecraft:iron_boots":1,"minecraft:granite":12,"minecraft:stick":5,"minecraft:torch":35,"minecraft:diamond_pickaxe":1,"minecraft:iron_chestplate":1,"minecraft:melon_seeds":12,"minecraft:spider_eye":1,"minecraft:wooden_pickaxe":1,"minecraft:iron_pickaxe":1,"minecraft:string":56},"minecraft:mined":{"minecraft:deepslate_redstone_ore":1,"minecraft:tuff":63,"minecraft:white_bed":1,"minecraft:mossy_cobblestone":11,"minecraft:deepslate_diamond_ore":53,"minecraft:brewing_stand":1,"minecraft:obsidian":2,"minecraft:crafting_table":5,"minecraft:granite":20,"minecraft:grass_block":6,"minecraft:chest":34,"minecraft:copper_ore":1,"minecraft:cobblestone":39,"minecraft:deepslate_gold_ore":8,"minecraft:diorite":12,"minecraft:wall_torch":4,"minecraft:deepslate_copper_ore":2,"minecraft:spawner":17,"minecraft:furnace":4,"minecraft:birch_log":1,"minecraft:iron_ore":71,"minecraft:cobbled_deepslate":3,"minecraft:andesite":22,"minecraft:anvil":2,"minecraft:deepslate_lapis_ore":3,"minecraft:grass":1,"minecraft:coal_ore":24,"minecraft:oak_log":15,"minecraft:deepslate_iron_ore":10,"minecraft:gravel":18,"minecraft:dirt":21,"minecraft:cobweb":1,"minecraft:stone":299,"minecraft:gold_ore":6,"minecraft:oak_leaves":1,"minecraft:deepslate":881},"minecraft:used":{"minecraft:water_bucket":82,"minecraft:diorite":12,"minecraft:diamond_boots":2,"minecraft:stone_pickaxe":131,"minecraft:wooden_pickaxe":3,"minecraft:shield":56,"minecraft:iron_sword":473,"minecraft:diamond_axe":18,"minecraft:rotten_flesh":19,"minecraft:iron_chestplate":1,"minecraft:torch":28,"minecraft:dirt":8,"minecraft:anvil":3,"minecraft:crafting_table":7,"minecraft:diamond_helmet":1,"minecraft:tuff":1,"minecraft:granite":8,"minecraft:diamond_pickaxe":1079,"minecraft:diamond_shovel":28,"minecraft:bread":5,"minecraft:iron_pickaxe":466,"minecraft:diamond_chestplate":1,"minecraft:stone_axe":35,"minecraft:diamond_sword":104,"minecraft:cobblestone":155,"minecraft:furnace":4,"minecraft:andesite":14,"minecraft:bucket":83,"minecraft:cobbled_deepslate":160},"minecraft:crafted":{"minecraft:oak_planks":44,"minecraft:diamond_sword":1,"minecraft:diamond_axe":1,"minecraft:crafting_table":2,"minecraft:iron_helmet":1,"minecraft:wooden_pickaxe":1,"minecraft:iron_sword":3,"minecraft:furnace":4,"minecraft:bucket":1,"minecraft:diamond_shovel":1,"minecraft:birch_planks":4,"minecraft:stone_axe":1,"minecraft:air":0,"minecraft:diamond_helmet":1,"minecraft:iron_chestplate":1,"minecraft:bow":1,"minecraft:iron_boots":1,"minecraft:diamond_pickaxe":1,"minecraft:shield":3,"minecraft:stick":28,"minecraft:iron_ingot":70,"minecraft:iron_pickaxe":3,"minecraft:stone_pickaxe":1,"minecraft:iron_block":3,"minecraft:diamond_boots":1,"minecraft:iron_leggings":1,"minecraft:anvil":1,"minecraft:torch":8,"minecraft:diamond_chestplate":1},"minecraft:killed":{"minecraft:zombie_villager":2,"minecraft:spider":32,"minecraft:creeper":17,"minecraft:skeleton":30,"minecraft:zombie":75,"minecraft:enderman":3},"minecraft:custom":{"minecraft:interact_with_furnace":35,"minecraft:mob_kills":160,"minecraft:interact_with_anvil":6,"minecraft:interact_with_crafting_table":31,"minecraft:leave_game":3,"minecraft:time_since_death":103795,"minecraft:time_since_rest":103795,"minecraft:sprint_one_cm":735,"minecraft:damage_taken":271,"minecraft:walk_one_cm":154684,"minecraft:damage_blocked_by_shield":2200,"minecraft:drop":40,"minecraft:damage_dealt":31780,"minecraft:swim_one_cm":14144,"minecraft:fly_one_cm":257083,"minecraft:open_chest":48,"minecraft:play_time":103795,"minecraft:crouch_one_cm":28556,"minecraft:sneak_time":19485,"minecraft:walk_under_water_one_cm":8879,"minecraft:jump":1658,"minecraft:walk_on_water_one_cm":4440,"minecraft:total_world_time":103795,"minecraft:fall_one_cm":1672}},"DataVersion":3578}