{"stats":{"minecraft:picked_up":{"minecraft:crafting_table":1,"minecraft:oak_log":9,"minecraft:coal":5,"minecraft:dirt":5,"minecraft:cobblestone":32},"minecraft:mined":{"minecraft:grass":1,"minecraft:coal_ore":5,"minecraft:grass_block":1,"minecraft:oak_log":9,"minecraft:dirt":4,"minecraft:stone":32,"minecraft:crafting_table":1},"minecraft:used":{"minecraft:dirt":1,"minecraft:crafting_table":1,"minecraft:stone_pickaxe":36,"minecraft:wooden_pickaxe":3},"minecraft:crafted":{"minecraft:oak_planks":36,"minecraft:crafting_table":1,"minecraft:stick":4,"minecraft:stone_pickaxe":1,"minecraft:wooden_pickaxe":1},"minecraft:custom":{"minecraft:time_since_rest":4168,"minecraft:crouch_one_cm":1429,"minecraft:play_time":4168,"minecraft:walk_one_cm":2848,"minecraft:sneak_time":1215,"minecraft:jump":70,"minecraft:time_since_death":4168,"minecraft:total_world_time":4168,"minecraft:interact_with_crafting_table":3,"minecraft:fall_one_cm":1672,"minecraft:fly_one_cm":37362}},"DataVersion":3578}