{"stats":{"minecraft:broken":{"minecraft:stone_pickaxe":1},"minecraft:picked_up":{"minecraft:crafting_table":2,"minecraft:raw_iron":70,"minecraft:andesite":15,"minecraft:oak_log":9,"minecraft:diorite":14,"minecraft:gunpowder":8,"minecraft:dirt":7,"minecraft:spider_eye":1,"minecraft:string":12,"minecraft:raw_copper":4,"minecraft:bone":3,"minecraft:arrow":10,"minecraft:rotten_flesh":18,"minecraft:raw_gold":6,"minecraft:granite":14,"minecraft:coal":37,"minecraft:furnace":4,"minecraft:cobblestone":147,"minecraft:ender_pearl":1},"minecraft:dropped":{"minecraft:wooden_pickaxe":1},"minecraft:mined":{"minecraft:furnace":4,"minecraft:iron_ore":70,"minecraft:granite":14,"minecraft:andesite":15,"minecraft:crafting_table":2,"minecraft:grass":1,"minecraft:oak_log":9,"minecraft:grass_block":1,"minecraft:coal_ore":24,"minecraft:dirt":6,"minecraft:copper_ore":1,"minecraft:cobblestone":4,"minecraft:stone":143,"minecraft:gold_ore":6,"minecraft:diorite":12},"minecraft:used":{"minecraft:water_bucket":3,"minecraft:diorite":12,"minecraft:stone_pickaxe":131,"minecraft:iron_pickaxe":165,"minecraft:wooden_pickaxe":3,"minecraft:shield":19,"minecraft:iron_sword":215,"minecraft:rotten_flesh":9,"minecraft:iron_chestplate":1,"minecraft:dirt":7,"minecraft:cobblestone":50,"minecraft:crafting_table":2,"minecraft:furnace":4,"minecraft:bucket":3,"minecraft:andesite":14},"minecraft:crafted":{"minecraft:oak_planks":36,"minecraft:iron_boots":1,"minecraft:iron_chestplate":1,"minecraft:shield":2,"minecraft:anvil":1,"minecraft:iron_helmet":1,"minecraft:crafting_table":1,"minecraft:stick":12,"minecraft:wooden_pickaxe":1,"minecraft:iron_ingot":70,"minecraft:iron_pickaxe":2,"minecraft:stone_pickaxe":1,"minecraft:iron_block":3,"minecraft:iron_leggings":1,"minecraft:iron_sword":2,"minecraft:furnace":4,"minecraft:bucket":1,"minecraft:air":0},"minecraft:killed":{"minecraft:skeleton":9,"minecraft:zombie":21,"minecraft:spider":12,"minecraft:creeper":10,"minecraft:enderman":1},"minecraft:custom":{"minecraft:time_since_rest":28061,"minecraft:interact_with_furnace":35,"minecraft:sprint_one_cm":558,"minecraft:damage_taken":80,"minecraft:walk_one_cm":45743,"minecraft:damage_blocked_by_shield":800,"minecraft:mob_kills":53,"minecraft:drop":1,"minecraft:damage_dealt":10628,"minecraft:swim_one_cm":6225,"minecraft:interact_with_crafting_table":19,"minecraft:fly_one_cm":90040,"minecraft:play_time":28061,"minecraft:crouch_one_cm":12059,"minecraft:sneak_time":7950,"minecraft:walk_under_water_one_cm":1334,"minecraft:jump":426,"minecraft:leave_game":1,"minecraft:time_since_death":28061,"minecraft:walk_on_water_one_cm":1158,"minecraft:total_world_time":28061,"minecraft:fall_one_cm":1672}},"DataVersion":3578}