{"stats":{"minecraft:killed_by":{"minecraft:ghast":1,"minecraft:player":8,"minecraft:zombified_piglin":1,"minecraft:stray":1},"minecraft:picked_up":{"minecraft:crafting_table":15,"minecraft:feather":7,"minecraft:chicken":8,"minecraft:wooden_pickaxe":1,"minecraft:flint":1,"minecraft:oak_log":40,"minecraft:shield":1,"minecraft:gunpowder":2,"minecraft:lapis_lazuli":20,"minecraft:string":8,"minecraft:dirt":114,"minecraft:iron_axe":1,"minecraft:wooden_sword":3,"minecraft:cooked_mutton":4,"minecraft:bone":3,"minecraft:wheat_seeds":11,"minecraft:warped_stem":6,"minecraft:cobbled_deepslate":2,"minecraft:raw_gold":25,"minecraft:spruce_planks":35,"minecraft:iron_ingot":8,"minecraft:stone_pickaxe":2,"minecraft:oak_boat":2,"minecraft:iron_pickaxe":1,"minecraft:iron_boots":1,"minecraft:furnace":9,"minecraft:stick":2,"minecraft:raw_iron":132,"minecraft:oak_door":8,"minecraft:torch":7,"minecraft:gravel":1,"minecraft:porkchop":6,"minecraft:spruce_sapling":2,"minecraft:diorite":8,"minecraft:spruce_log":14,"minecraft:stone_sword":2,"minecraft:stone_shovel":1,"minecraft:cooked_cod":2,"minecraft:spruce_boat":1,"minecraft:stone_axe":1,"minecraft:granite":10,"minecraft:warped_roots":7,"minecraft:bread":44,"minecraft:netherrack":5,"minecraft:warped_nylium":1,"minecraft:mutton":20,"minecraft:coal":92,"minecraft:snowball":1,"minecraft:white_wool":12,"minecraft:cobblestone":130,"minecraft:ender_pearl":1},"minecraft:dropped":{"minecraft:iron_sword":1,"minecraft:stone_axe":1,"minecraft:stone_sword":1,"minecraft:oak_planks":3,"minecraft:shield":1,"minecraft:wooden_axe":1,"minecraft:wooden_sword":3,"minecraft:stone_pickaxe":1,"minecraft:wooden_pickaxe":4,"minecraft:iron_pickaxe":1},"minecraft:mined":{"minecraft:spruce_planks":1,"minecraft:oak_door":7,"minecraft:dandelion":1,"minecraft:crafting_table":13,"minecraft:torch":6,"minecraft:granite":10,"minecraft:grass_block":17,"minecraft:warped_roots":9,"minecraft:tall_grass":5,"minecraft:spruce_leaves":1,"minecraft:lapis_ore":4,"minecraft:diorite":8,"minecraft:wall_torch":1,"minecraft:furnace":8,"minecraft:nether_sprouts":9,"minecraft:iron_ore":63,"minecraft:snow":1,"minecraft:spruce_log":14,"minecraft:deepslate_iron_ore":5,"minecraft:grass":80,"minecraft:coal_ore":49,"minecraft:oak_log":42,"minecraft:warped_stem":7,"minecraft:gravel":2,"minecraft:dirt":98,"minecraft:packed_ice":1,"minecraft:stone":113,"minecraft:deepslate":1,"minecraft:gold_ore":5,"minecraft:oak_leaves":9},"minecraft:used":{"minecraft:cooked_mutton":2,"minecraft:water_bucket":1,"minecraft:diorite":2,"minecraft:stone_sword":89,"minecraft:stone_pickaxe":142,"minecraft:stone_shovel":94,"minecraft:oak_planks":5,"minecraft:spruce_planks":11,"minecraft:wooden_pickaxe":50,"minecraft:shield":5,"minecraft:iron_sword":17,"minecraft:oak_door":8,"minecraft:white_wool":1,"minecraft:iron_chestplate":1,"minecraft:torch":60,"minecraft:dirt":21,"minecraft:crafting_table":14,"minecraft:granite":10,"minecraft:spruce_boat":1,"minecraft:wooden_axe":6,"minecraft:iron_axe":2,"minecraft:iron_pickaxe":87,"minecraft:cobblestone":10,"minecraft:stone_axe":64,"minecraft:wooden_sword":2,"minecraft:furnace":9,"minecraft:cooked_cod":2,"minecraft:bucket":2,"minecraft:oak_boat":2,"minecraft:iron_leggings":1},"minecraft:crafted":{"minecraft:wooden_sword":2,"minecraft:oak_door":6,"minecraft:oak_planks":160,"minecraft:stone_shovel":2,"minecraft:crafting_table":5,"minecraft:spruce_planks":56,"minecraft:iron_helmet":1,"minecraft:wooden_pickaxe":4,"minecraft:iron_sword":2,"minecraft:furnace":6,"minecraft:bucket":1,"minecraft:stone_axe":4,"minecraft:cooked_mutton":6,"minecraft:flint_and_steel":1,"minecraft:warped_planks":12,"minecraft:oak_boat":2,"minecraft:iron_chestplate":1,"minecraft:shield":2,"minecraft:iron_axe":1,"minecraft:stick":64,"minecraft:iron_ingot":29,"minecraft:iron_pickaxe":1,"minecraft:stone_pickaxe":4,"minecraft:wooden_axe":1,"minecraft:stone_sword":4,"minecraft:iron_leggings":1,"minecraft:spruce_boat":1,"minecraft:torch":60},"minecraft:killed":{"minecraft:pig":4,"minecraft:spider":2,"minecraft:creeper":1,"minecraft:sheep":6,"minecraft:chicken":6,"minecraft:enderman":1},"minecraft:custom":{"minecraft:interact_with_furnace":35,"minecraft:mob_kills":20,"minecraft:interact_with_crafting_table":26,"minecraft:leave_game":4,"minecraft:time_since_death":13708,"minecraft:climb_one_cm":1038,"minecraft:time_since_rest":13792,"minecraft:sprint_one_cm":252210,"minecraft:damage_taken":4898,"minecraft:walk_one_cm":124218,"minecraft:damage_blocked_by_shield":40,"minecraft:drop":15,"minecraft:damage_dealt":2846,"minecraft:swim_one_cm":135735,"minecraft:player_kills":1,"minecraft:fly_one_cm":373712,"minecraft:play_time":83823,"minecraft:crouch_one_cm":12102,"minecraft:deaths":13,"minecraft:sneak_time":7774,"minecraft:walk_under_water_one_cm":15948,"minecraft:boat_one_cm":41943,"minecraft:jump":1863,"minecraft:walk_on_water_one_cm":32870,"minecraft:total_world_time":83823,"minecraft:fall_one_cm":50738}},"DataVersion":3578}