{"stats":{"minecraft:killed_by":{"minecraft:ghast":1,"minecraft:player":8,"minecraft:zombified_piglin":1,"minecraft:stray":1},"minecraft:picked_up":{"minecraft:crafting_table":8,"minecraft:feather":2,"minecraft:chicken":4,"minecraft:wooden_pickaxe":1,"minecraft:oak_log":3,"minecraft:shield":1,"minecraft:gunpowder":2,"minecraft:dirt":103,"minecraft:string":8,"minecraft:iron_axe":1,"minecraft:wooden_sword":2,"minecraft:cooked_mutton":4,"minecraft:bone":3,"minecraft:wheat_seeds":4,"minecraft:raw_gold":20,"minecraft:cobbled_deepslate":1,"minecraft:warped_stem":6,"minecraft:spruce_planks":35,"minecraft:stone_pickaxe":2,"minecraft:iron_pickaxe":1,"minecraft:iron_boots":1,"minecraft:furnace":3,"minecraft:stick":2,"minecraft:raw_iron":14,"minecraft:gravel":1,"minecraft:spruce_sapling":2,"minecraft:spruce_log":14,"minecraft:stone_sword":2,"minecraft:stone_shovel":1,"minecraft:cooked_cod":2,"minecraft:stone_axe":1,"minecraft:spruce_boat":1,"minecraft:bread":44,"minecraft:warped_roots":7,"minecraft:netherrack":5,"minecraft:warped_nylium":1,"minecraft:mutton":20,"minecraft:snowball":1,"minecraft:white_wool":12,"minecraft:cobblestone":69,"minecraft:ender_pearl":1},"minecraft:dropped":{"minecraft:wooden_axe":1,"minecraft:wooden_sword":2,"minecraft:wooden_pickaxe":2},"minecraft:mined":{"minecraft:spruce_planks":1,"minecraft:crafting_table":6,"minecraft:grass_block":16,"minecraft:warped_roots":9,"minecraft:tall_grass":1,"minecraft:spruce_leaves":1,"minecraft:furnace":2,"minecraft:nether_sprouts":9,"minecraft:snow":1,"minecraft:spruce_log":14,"minecraft:grass":34,"minecraft:oak_log":5,"minecraft:warped_stem":7,"minecraft:gravel":1,"minecraft:dirt":88,"minecraft:packed_ice":1,"minecraft:stone":51},"minecraft:used":{"minecraft:cooked_mutton":2,"minecraft:stone_sword":68,"minecraft:stone_shovel":94,"minecraft:stone_pickaxe":23,"minecraft:spruce_planks":11,"minecraft:wooden_pickaxe":34,"minecraft:white_wool":1,"minecraft:dirt":11,"minecraft:crafting_table":5,"minecraft:spruce_boat":1,"minecraft:wooden_axe":6,"minecraft:stone_axe":5,"minecraft:wooden_sword":2,"minecraft:cobblestone":2,"minecraft:furnace":2,"minecraft:cooked_cod":2},"minecraft:crafted":{"minecraft:wooden_sword":2,"minecraft:oak_planks":12,"minecraft:stone_shovel":2,"minecraft:crafting_table":3,"minecraft:spruce_planks":56,"minecraft:wooden_pickaxe":2,"minecraft:furnace":2,"minecraft:stone_axe":2,"minecraft:cooked_mutton":6,"minecraft:warped_planks":12,"minecraft:stick":32,"minecraft:stone_pickaxe":2,"minecraft:wooden_axe":1,"minecraft:stone_sword":2,"minecraft:spruce_boat":1},"minecraft:killed":{"minecraft:spider":2,"minecraft:creeper":1,"minecraft:sheep":6,"minecraft:chicken":2,"minecraft:enderman":1},"minecraft:custom":{"minecraft:interact_with_furnace":9,"minecraft:mob_kills":12,"minecraft:interact_with_crafting_table":9,"minecraft:leave_game":2,"minecraft:time_since_death":4005,"minecraft:climb_one_cm":1038,"minecraft:time_since_rest":4036,"minecraft:sprint_one_cm":107959,"minecraft:damage_taken":3423,"minecraft:walk_one_cm":66187,"minecraft:drop":5,"minecraft:damage_dealt":2106,"minecraft:swim_one_cm":39497,"minecraft:fly_one_cm":234400,"minecraft:player_kills":1,"minecraft:crouch_one_cm":4336,"minecraft:play_time":35399,"minecraft:deaths":12,"minecraft:sneak_time":3610,"minecraft:walk_under_water_one_cm":1163,"minecraft:jump":1001,"minecraft:walk_on_water_one_cm":7133,"minecraft:total_world_time":35399,"minecraft:fall_one_cm":29139}},"DataVersion":3578}