{"stats":{"minecraft:picked_up":{"minecraft:crafting_table":2,"minecraft:spruce_planks":1,"minecraft:spruce_sapling":1,"minecraft:spruce_log":8,"minecraft:dirt":6,"minecraft:cobblestone":28},"minecraft:dropped":{"minecraft:wooden_pickaxe":1,"minecraft:wooden_axe":1},"minecraft:mined":{"minecraft:grass":1,"minecraft:grass_block":2,"minecraft:spruce_planks":1,"minecraft:dirt":4,"minecraft:stone":28,"minecraft:spruce_log":8,"minecraft:crafting_table":2},"minecraft:used":{"minecraft:stone_axe":2,"minecraft:wooden_axe":6,"minecraft:dirt":6,"minecraft:cobblestone":1,"minecraft:crafting_table":2,"minecraft:stone_pickaxe":20,"minecraft:spruce_planks":1,"minecraft:wooden_pickaxe":8},"minecraft:crafted":{"minecraft:stone_sword":1,"minecraft:stone_shovel":1,"minecraft:stone_axe":1,"minecraft:crafting_table":1,"minecraft:spruce_planks":32,"minecraft:stick":12,"minecraft:stone_pickaxe":1,"minecraft:wooden_pickaxe":1,"minecraft:wooden_axe":1},"minecraft:custom":{"minecraft:time_since_rest":5901,"minecraft:crouch_one_cm":142,"minecraft:sprint_one_cm":12093,"minecraft:play_time":5901,"minecraft:damage_taken":60,"minecraft:walk_one_cm":3406,"minecraft:sneak_time":312,"minecraft:drop":2,"minecraft:jump":109,"minecraft:damage_dealt":16,"minecraft:leave_game":2,"minecraft:time_since_death":5901,"minecraft:total_world_time":5901,"minecraft:interact_with_crafting_table":4,"minecraft:fall_one_cm":2415,"minecraft:fly_one_cm":26916}},"DataVersion":3578}