{"stats":{"minecraft:killed_by":{"minecraft:ghast":1,"minecraft:player":8,"minecraft:zombified_piglin":1,"minecraft:stray":1},"minecraft:picked_up":{"minecraft:crafting_table":10,"minecraft:feather":7,"minecraft:chicken":8,"minecraft:wooden_pickaxe":1,"minecraft:oak_log":14,"minecraft:shield":1,"minecraft:gunpowder":2,"minecraft:dirt":109,"minecraft:string":8,"minecraft:iron_axe":1,"minecraft:wooden_sword":3,"minecraft:cooked_mutton":4,"minecraft:bone":3,"minecraft:wheat_seeds":5,"minecraft:raw_gold":20,"minecraft:cobbled_deepslate":1,"minecraft:warped_stem":6,"minecraft:spruce_planks":35,"minecraft:stone_pickaxe":2,"minecraft:oak_boat":1,"minecraft:iron_pickaxe":1,"minecraft:iron_boots":1,"minecraft:furnace":3,"minecraft:stick":2,"minecraft:raw_iron":23,"minecraft:oak_door":6,"minecraft:gravel":1,"minecraft:porkchop":6,"minecraft:spruce_sapling":2,"minecraft:spruce_log":14,"minecraft:stone_sword":2,"minecraft:stone_shovel":1,"minecraft:cooked_cod":2,"minecraft:stone_axe":1,"minecraft:spruce_boat":1,"minecraft:bread":44,"minecraft:warped_roots":7,"minecraft:netherrack":5,"minecraft:warped_nylium":1,"minecraft:mutton":20,"minecraft:coal":19,"minecraft:snowball":1,"minecraft:white_wool":12,"minecraft:cobblestone":100,"minecraft:ender_pearl":1},"minecraft:dropped":{"minecraft:wooden_axe":1,"minecraft:wooden_sword":2,"minecraft:wooden_pickaxe":2},"minecraft:mined":{"minecraft:spruce_planks":1,"minecraft:oak_door":5,"minecraft:dandelion":1,"minecraft:crafting_table":8,"minecraft:grass_block":16,"minecraft:warped_roots":9,"minecraft:tall_grass":1,"minecraft:spruce_leaves":1,"minecraft:furnace":2,"minecraft:nether_sprouts":9,"minecraft:iron_ore":9,"minecraft:snow":1,"minecraft:spruce_log":14,"minecraft:grass":39,"minecraft:coal_ore":23,"minecraft:oak_log":16,"minecraft:warped_stem":7,"minecraft:gravel":1,"minecraft:dirt":94,"minecraft:packed_ice":1,"minecraft:stone":82,"minecraft:oak_leaves":2},"minecraft:used":{"minecraft:cooked_mutton":2,"minecraft:stone_sword":89,"minecraft:stone_shovel":94,"minecraft:stone_pickaxe":83,"minecraft:oak_planks":5,"minecraft:spruce_planks":11,"minecraft:wooden_pickaxe":37,"minecraft:oak_door":8,"minecraft:white_wool":1,"minecraft:dirt":17,"minecraft:crafting_table":7,"minecraft:spruce_boat":1,"minecraft:wooden_axe":6,"minecraft:stone_axe":28,"minecraft:wooden_sword":2,"minecraft:cobblestone":2,"minecraft:furnace":2,"minecraft:cooked_cod":2,"minecraft:oak_boat":1},"minecraft:crafted":{"minecraft:wooden_sword":2,"minecraft:oak_door":3,"minecraft:oak_planks":56,"minecraft:stone_shovel":2,"minecraft:crafting_table":3,"minecraft:spruce_planks":56,"minecraft:wooden_pickaxe":3,"minecraft:furnace":2,"minecraft:stone_axe":3,"minecraft:cooked_mutton":6,"minecraft:warped_planks":12,"minecraft:oak_boat":1,"minecraft:stick":36,"minecraft:stone_pickaxe":3,"minecraft:wooden_axe":1,"minecraft:stone_sword":3,"minecraft:spruce_boat":1,"minecraft:torch":4},"minecraft:killed":{"minecraft:pig":4,"minecraft:spider":2,"minecraft:creeper":1,"minecraft:sheep":6,"minecraft:chicken":6,"minecraft:enderman":1},"minecraft:custom":{"minecraft:interact_with_furnace":9,"minecraft:mob_kills":20,"minecraft:interact_with_crafting_table":13,"minecraft:leave_game":2,"minecraft:time_since_death":16005,"minecraft:climb_one_cm":1038,"minecraft:time_since_rest":16036,"minecraft:sprint_one_cm":134737,"minecraft:damage_taken":3573,"minecraft:walk_one_cm":75551,"minecraft:drop":5,"minecraft:damage_dealt":2704,"minecraft:swim_one_cm":98646,"minecraft:fly_one_cm":263704,"minecraft:player_kills":1,"minecraft:crouch_one_cm":4439,"minecraft:play_time":47399,"minecraft:deaths":12,"minecraft:sneak_time":4039,"minecraft:walk_under_water_one_cm":11431,"minecraft:boat_one_cm":9348,"minecraft:jump":1192,"minecraft:walk_on_water_one_cm":16621,"minecraft:total_world_time":47399,"minecraft:fall_one_cm":33035}},"DataVersion":3578}