{"stats":{"minecraft:killed_by":{"minecraft:player":3,"minecraft:stray":1},"minecraft:picked_up":{"minecraft:crafting_table":6,"minecraft:feather":2,"minecraft:chicken":4,"minecraft:gunpowder":2,"minecraft:dirt":6,"minecraft:string":8,"minecraft:iron_axe":1,"minecraft:cooked_mutton":4,"minecraft:bone":3,"minecraft:wheat_seeds":2,"minecraft:warped_stem":3,"minecraft:cobbled_deepslate":1,"minecraft:raw_gold":20,"minecraft:spruce_planks":35,"minecraft:stone_pickaxe":2,"minecraft:iron_pickaxe":1,"minecraft:iron_boots":1,"minecraft:furnace":3,"minecraft:stick":2,"minecraft:raw_iron":14,"minecraft:spruce_sapling":2,"minecraft:spruce_log":8,"minecraft:stone_sword":1,"minecraft:stone_shovel":1,"minecraft:cooked_cod":2,"minecraft:spruce_boat":1,"minecraft:stone_axe":1,"minecraft:bread":44,"minecraft:warped_roots":6,"minecraft:warped_nylium":1,"minecraft:mutton":20,"minecraft:white_wool":12,"minecraft:cobblestone":46,"minecraft:ender_pearl":1},"minecraft:dropped":{"minecraft:wooden_axe":1,"minecraft:wooden_pickaxe":1},"minecraft:mined":{"minecraft:spruce_planks":1,"minecraft:crafting_table":4,"minecraft:grass_block":2,"minecraft:warped_roots":7,"minecraft:furnace":2,"minecraft:nether_sprouts":8,"minecraft:spruce_log":8,"minecraft:grass":9,"minecraft:warped_stem":4,"minecraft:dirt":4,"minecraft:packed_ice":1,"minecraft:stone":28},"minecraft:used":{"minecraft:cooked_mutton":2,"minecraft:stone_sword":68,"minecraft:stone_pickaxe":23,"minecraft:spruce_planks":10,"minecraft:wooden_pickaxe":8,"minecraft:white_wool":1,"minecraft:dirt":6,"minecraft:crafting_table":4,"minecraft:spruce_boat":1,"minecraft:wooden_axe":6,"minecraft:stone_axe":4,"minecraft:cobblestone":1,"minecraft:furnace":2,"minecraft:cooked_cod":2},"minecraft:crafted":{"minecraft:stone_shovel":1,"minecraft:crafting_table":1,"minecraft:spruce_planks":32,"minecraft:wooden_pickaxe":1,"minecraft:furnace":2,"minecraft:stone_axe":1,"minecraft:cooked_mutton":6,"minecraft:stick":12,"minecraft:stone_pickaxe":1,"minecraft:wooden_axe":1,"minecraft:stone_sword":1,"minecraft:spruce_boat":1},"minecraft:killed":{"minecraft:spider":2,"minecraft:creeper":1,"minecraft:sheep":6,"minecraft:chicken":2,"minecraft:enderman":1},"minecraft:custom":{"minecraft:interact_with_furnace":9,"minecraft:mob_kills":12,"minecraft:interact_with_crafting_table":7,"minecraft:leave_game":2,"minecraft:time_since_death":1860,"minecraft:time_since_rest":1899,"minecraft:sprint_one_cm":40284,"minecraft:damage_taken":1425,"minecraft:walk_one_cm":38811,"minecraft:drop":2,"minecraft:damage_dealt":1489,"minecraft:swim_one_cm":39497,"minecraft:fly_one_cm":88225,"minecraft:crouch_one_cm":1907,"minecraft:play_time":17901,"minecraft:deaths":4,"minecraft:walk_under_water_one_cm":1163,"minecraft:sneak_time":1309,"minecraft:jump":404,"minecraft:walk_on_water_one_cm":7133,"minecraft:total_world_time":17901,"minecraft:fall_one_cm":6791}},"DataVersion":3578}