{"stats":{"minecraft:killed_by":{"minecraft:ghast":1,"minecraft:player":8,"minecraft:zombified_piglin":1,"minecraft:stray":1},"minecraft:picked_up":{"minecraft:crafting_table":21,"minecraft:wheat":1,"minecraft:chicken":10,"minecraft:wooden_pickaxe":2,"minecraft:shield":1,"minecraft:string":8,"minecraft:iron_axe":1,"minecraft:wooden_sword":3,"minecraft:cobbled_deepslate":2,"minecraft:spruce_planks":36,"minecraft:beef":36,"minecraft:oak_boat":2,"minecraft:iron_pickaxe":1,"minecraft:furnace":9,"minecraft:iron_boots":1,"minecraft:stick":7,"minecraft:raw_iron":174,"minecraft:oak_door":20,"minecraft:torch":7,"minecraft:porkchop":33,"minecraft:diorite":8,"minecraft:arrow":1,"minecraft:stone_sword":3,"minecraft:cooked_cod":2,"minecraft:stone_shovel":1,"minecraft:hay_block":11,"minecraft:mutton":32,"minecraft:cod":2,"minecraft:snowball":1,"minecraft:white_wool":17,"minecraft:cobblestone":181,"minecraft:oxeye_daisy":1,"minecraft:leather_chestplate":1,"minecraft:feather":8,"minecraft:glow_ink_sac":1,"minecraft:salmon":9,"minecraft:leather":8,"minecraft:flint":1,"minecraft:tuff":4,"minecraft:oak_log":72,"minecraft:gunpowder":2,"minecraft:lapis_lazuli":24,"minecraft:dirt":115,"minecraft:cooked_mutton":4,"minecraft:bone":3,"minecraft:wheat_seeds":14,"minecraft:raw_gold":25,"minecraft:warped_stem":6,"minecraft:iron_ingot":8,"minecraft:stone_pickaxe":4,"minecraft:oak_planks":76,"minecraft:stone_hoe":1,"minecraft:gravel":1,"minecraft:spruce_sapling":2,"minecraft:white_bed":1,"minecraft:spruce_log":20,"minecraft:stone_axe":2,"minecraft:spruce_boat":1,"minecraft:granite":10,"minecraft:bone_meal":5,"minecraft:bread":67,"minecraft:warped_roots":7,"minecraft:oak_sapling":8,"minecraft:warped_nylium":1,"minecraft:netherrack":17,"minecraft:coal":117,"minecraft:ender_pearl":1},"minecraft:dropped":{"minecraft:iron_sword":1,"minecraft:wooden_axe":1,"minecraft:wooden_sword":3,"minecraft:iron_pickaxe":1,"minecraft:stone_axe":1,"minecraft:stone_sword":1,"minecraft:oak_planks":3,"minecraft:shield":1,"minecraft:wooden_pickaxe":4,"minecraft:stone_pickaxe":1},"minecraft:mined":{"minecraft:tuff":4,"minecraft:spruce_planks":1,"minecraft:white_bed":1,"minecraft:oak_door":13,"minecraft:granite":10,"minecraft:grass_block":17,"minecraft:spruce_leaves":1,"minecraft:oxeye_daisy":1,"minecraft:hay_block":11,"minecraft:tall_seagrass":3,"minecraft:furnace":8,"minecraft:nether_sprouts":9,"minecraft:iron_ore":89,"minecraft:snow":1,"minecraft:andesite":1,"minecraft:deepslate_iron_ore":19,"minecraft:warped_stem":7,"minecraft:packed_ice":1,"minecraft:stone":153,"minecraft:dandelion":1,"minecraft:crafting_table":18,"minecraft:torch":6,"minecraft:warped_roots":9,"minecraft:tall_grass":6,"minecraft:lapis_ore":5,"minecraft:diorite":8,"minecraft:wall_torch":1,"minecraft:wheat":1,"minecraft:spruce_log":20,"minecraft:grass":100,"minecraft:oak_log":74,"minecraft:coal_ore":71,"minecraft:gravel":2,"minecraft:dirt":99,"minecraft:netherrack":12,"minecraft:gold_ore":5,"minecraft:oak_leaves":21,"minecraft:deepslate":1},"minecraft:used":{"minecraft:stone_sword":159,"minecraft:stone_shovel":94,"minecraft:spruce_planks":11,"minecraft:shield":5,"minecraft:iron_sword":17,"minecraft:stone_hoe":11,"minecraft:netherrack":12,"minecraft:iron_chestplate":1,"minecraft:oak_door":17,"minecraft:torch":83,"minecraft:dirt":21,"minecraft:tuff":3,"minecraft:granite":10,"minecraft:spruce_boat":2,"minecraft:wooden_axe":6,"minecraft:iron_axe":2,"minecraft:oak_sapling":8,"minecraft:furnace":9,"minecraft:cooked_cod":2,"minecraft:iron_leggings":1,"minecraft:wheat_seeds":1,"minecraft:cooked_mutton":2,"minecraft:water_bucket":1,"minecraft:diorite":2,"minecraft:stone_pickaxe":249,"minecraft:oak_planks":23,"minecraft:wooden_pickaxe":67,"minecraft:salmon":4,"minecraft:white_wool":1,"minecraft:crafting_table":20,"minecraft:white_bed":2,"minecraft:cod":2,"minecraft:bread":13,"minecraft:iron_pickaxe":87,"minecraft:stone_axe":130,"minecraft:wooden_sword":2,"minecraft:cobblestone":12,"minecraft:porkchop":3,"minecraft:bucket":2,"minecraft:oak_boat":2,"minecraft:bone_meal":2},"minecraft:crafted":{"minecraft:wooden_sword":2,"minecraft:oak_door":12,"minecraft:oak_planks":252,"minecraft:stone_shovel":2,"minecraft:furnace":6,"minecraft:cooked_mutton":6,"minecraft:flint_and_steel":1,"minecraft:warped_planks":12,"minecraft:iron_axe":1,"minecraft:stone_pickaxe":6,"minecraft:spruce_boat":2,"minecraft:stone_hoe":1,"minecraft:wheat":81,"minecraft:cooked_beef":13,"minecraft:crafting_table":7,"minecraft:spruce_planks":80,"minecraft:wooden_pickaxe":5,"minecraft:iron_helmet":1,"minecraft:iron_sword":2,"minecraft:bucket":1,"minecraft:stone_axe":5,"minecraft:bread":27,"minecraft:oak_boat":2,"minecraft:iron_chestplate":1,"minecraft:shield":2,"minecraft:stick":92,"minecraft:leather_chestplate":1,"minecraft:iron_ingot":29,"minecraft:iron_pickaxe":1,"minecraft:wooden_axe":1,"minecraft:stone_sword":5,"minecraft:iron_leggings":1,"minecraft:white_bed":1,"minecraft:torch":100},"minecraft:killed":{"minecraft:spider":3,"minecraft:cod":2,"minecraft:skeleton":1,"minecraft:chicken":8,"minecraft:pig":13,"minecraft:salmon":9,"minecraft:creeper":1,"minecraft:sheep":10,"minecraft:cow":8,"minecraft:enderman":1},"minecraft:custom":{"minecraft:mob_kills":56,"minecraft:interact_with_crafting_table":39,"minecraft:leave_game":6,"minecraft:time_since_death":15008,"minecraft:climb_one_cm":1038,"minecraft:sprint_one_cm":372675,"minecraft:walk_one_cm":196043,"minecraft:damage_blocked_by_shield":40,"minecraft:drop":15,"minecraft:play_time":125417,"minecraft:deaths":15,"minecraft:sneak_time":8457,"minecraft:walk_under_water_one_cm":47564,"minecraft:boat_one_cm":45428,"minecraft:jump":2763,"minecraft:walk_on_water_one_cm":60703,"minecraft:total_world_time":125417,"minecraft:interact_with_furnace":35,"minecraft:sleep_in_bed":2,"minecraft:time_since_rest":9178,"minecraft:damage_taken":5708,"minecraft:damage_dealt":5625,"minecraft:swim_one_cm":259554,"minecraft:fly_one_cm":575990,"minecraft:player_kills":1,"minecraft:crouch_one_cm":13418,"minecraft:interact_with_smoker":4,"minecraft:fall_one_cm":76690}},"DataVersion":3578}