{"stats":{"minecraft:custom":{"minecraft:time_since_rest":4392,"minecraft:sprint_one_cm":134877,"minecraft:damage_taken":2102,"minecraft:walk_one_cm":141215,"minecraft:damage_dealt":208,"minecraft:interact_with_crafting_table":2,"minecraft:swim_one_cm":63131,"minecraft:fly_one_cm":164241,"minecraft:open_chest":4,"minecraft:crouch_one_cm":738,"minecraft:play_time":51220,"minecraft:deaths":7,"minecraft:sneak_time":858,"minecraft:walk_under_water_one_cm":58676,"minecraft:jump":701,"minecraft:leave_game":2,"minecraft:time_since_death":4332,"minecraft:walk_on_water_one_cm":72114,"minecraft:total_world_time":51220,"minecraft:fall_one_cm":15229},"minecraft:mined":{"minecraft:ice":1,"minecraft:spruce_log":12,"minecraft:crafting_table":1,"minecraft:granite":5,"minecraft:grass":1,"minecraft:grass_block":1,"minecraft:coal_ore":11,"minecraft:chest":1,"minecraft:sand":2,"minecraft:dirt":1,"minecraft:packed_ice":18,"minecraft:copper_ore":1,"minecraft:spruce_leaves":4,"minecraft:stone":54},"minecraft:picked_up":{"minecraft:crafting_table":1,"minecraft:sand":3,"minecraft:shield":1,"minecraft:spruce_log":23,"minecraft:raw_copper":4,"minecraft:granite":4,"minecraft:stone_pickaxe":1,"minecraft:bread":124,"minecraft:chest":1,"minecraft:coal":12,"minecraft:cobblestone":52},"minecraft:crafted":{"minecraft:crafting_table":1,"minecraft:spruce_wood":3,"minecraft:spruce_planks":16,"minecraft:stick":4,"minecraft:wooden_pickaxe":1,"minecraft:stone_pickaxe":1},"minecraft:used":{"minecraft:bread":5,"minecraft:stone_pickaxe":37,"minecraft:wooden_pickaxe":35,"minecraft:fishing_rod":10,"minecraft:sand":2,"minecraft:crafting_table":1,"minecraft:spruce_log":1},"minecraft:killed_by":{"minecraft:skeleton":1,"minecraft:polar_bear":1,"minecraft:witch":1,"minecraft:zombie":1}},"DataVersion":3578}