{"stats":{"minecraft:killed_by":{"minecraft:player":3,"minecraft:skeleton":1,"minecraft:polar_bear":1,"minecraft:witch":1,"minecraft:zombie":1},"minecraft:picked_up":{"minecraft:crafting_table":1,"minecraft:sandstone":9,"minecraft:andesite":6,"minecraft:chest_minecart":1,"minecraft:sand":52,"minecraft:shield":1,"minecraft:diorite":5,"minecraft:spruce_log":23,"minecraft:redstone":3,"minecraft:dirt":3,"minecraft:string":2,"minecraft:raw_copper":4,"minecraft:wheat_seeds":1,"minecraft:granite":4,"minecraft:stone_pickaxe":1,"minecraft:bread":124,"minecraft:powered_rail":8,"minecraft:chest":3,"minecraft:mutton":4,"minecraft:coal":12,"minecraft:cobblestone":52},"minecraft:dropped":{"minecraft:redstone":3},"minecraft:mined":{"minecraft:ice":1,"minecraft:spruce_log":12,"minecraft:crafting_table":1,"minecraft:granite":5,"minecraft:grass":4,"minecraft:grass_block":2,"minecraft:coal_ore":11,"minecraft:chest":1,"minecraft:sand":41,"minecraft:dirt":1,"minecraft:packed_ice":18,"minecraft:copper_ore":1,"minecraft:spruce_leaves":4,"minecraft:stone":54,"minecraft:oak_leaves":1},"minecraft:used":{"minecraft:powered_rail":4,"minecraft:bread":5,"minecraft:stone_pickaxe":37,"minecraft:wooden_pickaxe":35,"minecraft:dirt":1,"minecraft:fishing_rod":10,"minecraft:sand":46,"minecraft:crafting_table":1,"minecraft:spruce_log":1},"minecraft:crafted":{"minecraft:crafting_table":1,"minecraft:spruce_wood":3,"minecraft:spruce_planks":16,"minecraft:stick":4,"minecraft:wooden_pickaxe":1,"minecraft:stone_pickaxe":1},"minecraft:custom":{"minecraft:time_since_rest":8160,"minecraft:sprint_one_cm":209675,"minecraft:damage_taken":4437,"minecraft:walk_one_cm":175212,"minecraft:drop":1,"minecraft:damage_dealt":226,"minecraft:swim_one_cm":124492,"minecraft:interact_with_crafting_table":2,"minecraft:fly_one_cm":268947,"minecraft:open_chest":4,"minecraft:crouch_one_cm":1282,"minecraft:play_time":72962,"minecraft:deaths":12,"minecraft:sneak_time":1136,"minecraft:walk_under_water_one_cm":86348,"minecraft:jump":1117,"minecraft:leave_game":7,"minecraft:time_since_death":8098,"minecraft:walk_on_water_one_cm":94282,"minecraft:total_world_time":72962,"minecraft:fall_one_cm":22502}},"DataVersion":3578}