{"stats":{"minecraft:killed_by":{"minecraft:stray":3,"minecraft:spider":2,"minecraft:zombie":2},"minecraft:picked_up":{"minecraft:crafting_table":3,"minecraft:andesite":16,"minecraft:shield":1,"minecraft:dirt":35,"minecraft:spruce_planks":6,"minecraft:iron_ingot":7,"minecraft:stone_pickaxe":2,"minecraft:bamboo":6,"minecraft:sugar_cane":14,"minecraft:oak_planks":1,"minecraft:furnace":1,"minecraft:stick":1,"minecraft:raw_iron":9,"minecraft:gravel":2,"minecraft:sand":2,"minecraft:spruce_sapling":4,"minecraft:spruce_log":4,"minecraft:rotten_flesh":4,"minecraft:granite":6,"minecraft:bread":242,"minecraft:mutton":4,"minecraft:coal":26,"minecraft:snowball":21,"minecraft:white_wool":2,"minecraft:cobblestone":71},"minecraft:dropped":{"minecraft:bread":188,"minecraft:rotten_flesh":2,"minecraft:shield":1,"minecraft:spruce_log":12,"minecraft:stone_pickaxe":2},"minecraft:mined":{"minecraft:spruce_planks":10,"minecraft:crafting_table":2,"minecraft:torch":1,"minecraft:granite":2,"minecraft:grass_block":20,"minecraft:cobblestone":3,"minecraft:spruce_leaves":6,"minecraft:oak_planks":1,"minecraft:sugar_cane":2,"minecraft:large_fern":1,"minecraft:furnace":1,"minecraft:iron_ore":9,"minecraft:spruce_log":4,"minecraft:andesite":16,"minecraft:coal_ore":27,"minecraft:gravel":1,"minecraft:sand":3,"minecraft:dirt":2,"minecraft:stone":64},"minecraft:used":{"minecraft:flint_and_steel":1,"minecraft:stone_pickaxe":153,"minecraft:oak_planks":7,"minecraft:wooden_pickaxe":3,"minecraft:spruce_planks":24,"minecraft:shield":21,"minecraft:iron_chestplate":1,"minecraft:white_wool":1,"minecraft:torch":4,"minecraft:dirt":22,"minecraft:sand":2,"minecraft:crafting_table":3,"minecraft:granite":3,"minecraft:snowball":21,"minecraft:spruce_log":1,"minecraft:obsidian":3,"minecraft:bread":21,"minecraft:iron_helmet":1,"minecraft:iron_boots":1,"minecraft:spruce_sapling":4,"minecraft:bamboo":9,"minecraft:fire_charge":1,"minecraft:cobblestone":45,"minecraft:furnace":1,"minecraft:andesite":3,"minecraft:iron_leggings":1},"minecraft:crafted":{"minecraft:crafting_table":2,"minecraft:spruce_planks":28,"minecraft:wooden_pickaxe":1,"minecraft:iron_helmet":1,"minecraft:furnace":1,"minecraft:iron_boots":1,"minecraft:iron_chestplate":1,"minecraft:shield":3,"minecraft:stick":8,"minecraft:iron_ingot":9,"minecraft:stone_pickaxe":2,"minecraft:iron_leggings":1,"minecraft:torch":4},"minecraft:killed":{"minecraft:sheep":2,"minecraft:zombie":7},"minecraft:custom":{"minecraft:interact_with_furnace":6,"minecraft:mob_kills":12,"minecraft:interact_with_crafting_table":9,"minecraft:leave_game":2,"minecraft:time_since_death":36116,"minecraft:time_since_rest":36265,"minecraft:sprint_one_cm":76859,"minecraft:damage_taken":2607,"minecraft:walk_one_cm":79049,"minecraft:damage_blocked_by_shield":690,"minecraft:drop":19,"minecraft:damage_dealt":1981,"minecraft:swim_one_cm":16734,"minecraft:fly_one_cm":418398,"minecraft:open_chest":1,"minecraft:crouch_one_cm":10944,"minecraft:play_time":81710,"minecraft:deaths":7,"minecraft:sneak_time":6314,"minecraft:walk_under_water_one_cm":5321,"minecraft:jump":963,"minecraft:walk_on_water_one_cm":2981,"minecraft:total_world_time":81710,"minecraft:fall_one_cm":22416}},"DataVersion":3578}