{"stats":{"minecraft:killed_by":{"minecraft:stray":3,"minecraft:spider":2},"minecraft:used":{"minecraft:dirt":10,"minecraft:snowball":21},"minecraft:mined":{"minecraft:grass_block":10},"minecraft:picked_up":{"minecraft:snowball":21,"minecraft:dirt":23},"minecraft:custom":{"minecraft:time_since_rest":2798,"minecraft:crouch_one_cm":535,"minecraft:play_time":10342,"minecraft:sprint_one_cm":15271,"minecraft:walk_one_cm":19232,"minecraft:damage_taken":1310,"minecraft:deaths":5,"minecraft:sneak_time":221,"minecraft:walk_under_water_one_cm":3152,"minecraft:mob_kills":1,"minecraft:jump":160,"minecraft:damage_dealt":400,"minecraft:leave_game":1,"minecraft:time_since_death":2735,"minecraft:walk_on_water_one_cm":700,"minecraft:total_world_time":10342,"minecraft:swim_one_cm":2225,"minecraft:fly_one_cm":125781,"minecraft:fall_one_cm":2221}},"DataVersion":3578}