{"stats":{"minecraft:killed_by":{"minecraft:stray":3,"minecraft:spider":2,"minecraft:zombie":2},"minecraft:picked_up":{"minecraft:crafting_table":5,"minecraft:andesite":16,"minecraft:wooden_pickaxe":2,"minecraft:gold_block":1,"minecraft:oak_log":2,"minecraft:shield":2,"minecraft:gunpowder":2,"minecraft:dirt":35,"minecraft:lapis_lazuli":61,"minecraft:string":1,"minecraft:iron_axe":1,"minecraft:twisting_vines":11,"minecraft:bone":8,"minecraft:bow":1,"minecraft:wheat_seeds":1,"minecraft:cobbled_deepslate":13,"minecraft:raw_gold":4,"minecraft:spruce_planks":62,"minecraft:iron_ingot":19,"minecraft:stone_pickaxe":4,"minecraft:bamboo":6,"minecraft:sugar_cane":17,"minecraft:oak_planks":1,"minecraft:furnace":1,"minecraft:stick":1,"minecraft:raw_iron":9,"minecraft:stone_brick_slab":1,"minecraft:gravel":2,"minecraft:sand":2,"minecraft:spruce_sapling":4,"minecraft:spruce_log":4,"minecraft:arrow":4,"minecraft:rotten_flesh":13,"minecraft:diamond":9,"minecraft:spruce_boat":5,"minecraft:hay_block":11,"minecraft:granite":6,"minecraft:bread":343,"minecraft:warped_roots":15,"minecraft:netherrack":107,"minecraft:mutton":4,"minecraft:coal":26,"minecraft:snowball":21,"minecraft:white_wool":7,"minecraft:cobblestone":72},"minecraft:dropped":{"minecraft:iron_ingot":15,"minecraft:bread":341,"minecraft:wheat_seeds":1,"minecraft:diamond":1,"minecraft:raw_iron":33,"minecraft:rotten_flesh":6,"minecraft:warped_roots":4,"minecraft:shield":2,"minecraft:spruce_planks":122,"minecraft:spruce_log":12,"minecraft:wooden_pickaxe":1,"minecraft:stone_pickaxe":4,"minecraft:bone":4},"minecraft:mined":{"minecraft:spruce_planks":14,"minecraft:deepslate_diamond_ore":9,"minecraft:twisting_vines_plant":3,"minecraft:stone_brick_slab":1,"minecraft:crafting_table":2,"minecraft:torch":1,"minecraft:granite":2,"minecraft:grass_block":21,"minecraft:warped_roots":4,"minecraft:tall_grass":1,"minecraft:cobblestone":3,"minecraft:spruce_leaves":6,"minecraft:deepslate_gold_ore":4,"minecraft:oak_planks":1,"minecraft:sugar_cane":3,"minecraft:hay_block":11,"minecraft:large_fern":1,"minecraft:warped_nylium":9,"minecraft:furnace":1,"minecraft:nether_sprouts":3,"minecraft:iron_ore":9,"minecraft:fire":3,"minecraft:spruce_log":4,"minecraft:andesite":16,"minecraft:deepslate_lapis_ore":5,"minecraft:gold_block":1,"minecraft:twisting_vines":4,"minecraft:grass":14,"minecraft:oak_log":2,"minecraft:coal_ore":27,"minecraft:sand":3,"minecraft:gravel":1,"minecraft:dirt":2,"minecraft:stone":65,"minecraft:netherrack":101,"minecraft:deepslate":12},"minecraft:used":{"minecraft:water_bucket":2,"minecraft:flint_and_steel":1,"minecraft:stone_pickaxe":153,"minecraft:oak_planks":7,"minecraft:spruce_planks":114,"minecraft:wooden_pickaxe":3,"minecraft:shield":35,"minecraft:iron_sword":97,"minecraft:netherrack":105,"minecraft:white_wool":1,"minecraft:iron_chestplate":1,"minecraft:torch":4,"minecraft:dirt":28,"minecraft:sand":2,"minecraft:crafting_table":5,"minecraft:twisting_vines":11,"minecraft:granite":3,"minecraft:snowball":21,"minecraft:spruce_log":1,"minecraft:obsidian":3,"minecraft:spruce_boat":5,"minecraft:stone_brick_slab":1,"minecraft:iron_axe":4,"minecraft:bread":78,"minecraft:iron_pickaxe":143,"minecraft:iron_helmet":1,"minecraft:iron_boots":1,"minecraft:spruce_sapling":4,"minecraft:bamboo":9,"minecraft:fire_charge":1,"minecraft:cobblestone":45,"minecraft:furnace":1,"minecraft:andesite":3,"minecraft:bucket":3,"minecraft:iron_leggings":1},"minecraft:crafted":{"minecraft:oak_planks":8,"minecraft:crafting_table":4,"minecraft:spruce_planks":28,"minecraft:wooden_pickaxe":1,"minecraft:iron_helmet":1,"minecraft:furnace":1,"minecraft:bucket":2,"minecraft:iron_boots":1,"minecraft:iron_chestplate":1,"minecraft:shield":3,"minecraft:stick":8,"minecraft:iron_ingot":9,"minecraft:stone_pickaxe":2,"minecraft:iron_leggings":1,"minecraft:spruce_boat":1,"minecraft:torch":4,"minecraft:wheat":99},"minecraft:killed":{"minecraft:spider":1,"minecraft:sheep":2,"minecraft:skeleton":4,"minecraft:zombie":16,"minecraft:stray":3,"minecraft:enderman":4},"minecraft:custom":{"minecraft:interact_with_furnace":6,"minecraft:mob_kills":35,"minecraft:interact_with_crafting_table":13,"minecraft:leave_game":4,"minecraft:time_since_death":8147,"minecraft:climb_one_cm":1307,"minecraft:time_since_rest":8189,"minecraft:sprint_one_cm":285267,"minecraft:damage_taken":5831,"minecraft:walk_one_cm":163719,"minecraft:damage_blocked_by_shield":1700,"minecraft:drop":41,"minecraft:damage_dealt":8065,"minecraft:player_kills":3,"minecraft:swim_one_cm":32353,"minecraft:fly_one_cm":913057,"minecraft:open_chest":2,"minecraft:crouch_one_cm":24374,"minecraft:play_time":149354,"minecraft:deaths":8,"minecraft:sneak_time":10576,"minecraft:walk_under_water_one_cm":7762,"minecraft:boat_one_cm":598,"minecraft:jump":2961,"minecraft:walk_on_water_one_cm":23276,"minecraft:total_world_time":149354,"minecraft:fall_one_cm":75316}},"DataVersion":3578}