{"stats":{"minecraft:killed_by":{"minecraft:player":1,"minecraft:stray":3,"minecraft:spider":2,"minecraft:zombie":2},"minecraft:picked_up":{"minecraft:crafting_table":5,"minecraft:wheat":99,"minecraft:wooden_pickaxe":2,"minecraft:gold_block":1,"minecraft:shield":3,"minecraft:string":1,"minecraft:raw_copper":5,"minecraft:iron_axe":1,"minecraft:cobbled_deepslate":13,"minecraft:spruce_planks":62,"minecraft:iron_pickaxe":2,"minecraft:sugar_cane":17,"minecraft:furnace":2,"minecraft:sandstone":2,"minecraft:raw_iron":9,"minecraft:stick":1,"minecraft:torch":1,"minecraft:diorite":5,"minecraft:arrow":4,"minecraft:rotten_flesh":13,"minecraft:hay_block":11,"minecraft:mutton":4,"minecraft:cobblestone":99,"minecraft:snowball":21,"minecraft:white_wool":7,"minecraft:andesite":16,"minecraft:potato":8,"minecraft:oak_log":5,"minecraft:gunpowder":2,"minecraft:lapis_lazuli":61,"minecraft:dirt":41,"minecraft:twisting_vines":11,"minecraft:bone":8,"minecraft:apple":9,"minecraft:bow":1,"minecraft:wheat_seeds":1,"minecraft:raw_gold":4,"minecraft:stone_pickaxe":4,"minecraft:iron_ingot":19,"minecraft:diamond_helmet":1,"minecraft:bamboo":6,"minecraft:oak_planks":4,"minecraft:iron_sword":1,"minecraft:stone_brick_slab":1,"minecraft:gravel":2,"minecraft:sand":2,"minecraft:spruce_sapling":4,"minecraft:spruce_log":4,"minecraft:diamond":40,"minecraft:spruce_boat":5,"minecraft:granite":6,"minecraft:warped_roots":15,"minecraft:bread":343,"minecraft:netherrack":107,"minecraft:coal":26},"minecraft:dropped":{"minecraft:iron_ingot":15,"minecraft:bread":341,"minecraft:wheat_seeds":1,"minecraft:diamond":1,"minecraft:warped_roots":4,"minecraft:bone":4,"minecraft:raw_iron":33,"minecraft:rotten_flesh":6,"minecraft:shield":2,"minecraft:spruce_planks":122,"minecraft:spruce_log":12,"minecraft:wooden_pickaxe":1,"minecraft:stone_pickaxe":4},"minecraft:mined":{"minecraft:spruce_planks":14,"minecraft:deepslate_diamond_ore":9,"minecraft:granite":2,"minecraft:allium":1,"minecraft:grass_block":21,"minecraft:spruce_leaves":6,"minecraft:sandstone":2,"minecraft:large_fern":1,"minecraft:hay_block":11,"minecraft:furnace":2,"minecraft:nether_sprouts":3,"minecraft:iron_ore":9,"minecraft:fire":3,"minecraft:andesite":16,"minecraft:deepslate_lapis_ore":5,"minecraft:azure_bluet":1,"minecraft:gold_block":1,"minecraft:twisting_vines":4,"minecraft:stone":96,"minecraft:twisting_vines_plant":3,"minecraft:stone_brick_slab":1,"minecraft:crafting_table":2,"minecraft:torch":1,"minecraft:warped_roots":4,"minecraft:copper_ore":1,"minecraft:tall_grass":1,"minecraft:cobblestone":3,"minecraft:deepslate_gold_ore":4,"minecraft:sugar_cane":3,"minecraft:oak_planks":1,"minecraft:diorite":5,"minecraft:warped_nylium":9,"minecraft:spruce_log":4,"minecraft:grass":14,"minecraft:oak_log":5,"minecraft:coal_ore":27,"minecraft:gravel":1,"minecraft:sand":3,"minecraft:dirt":7,"minecraft:netherrack":101,"minecraft:deepslate":12},"minecraft:used":{"minecraft:flint_and_steel":1,"minecraft:spruce_planks":114,"minecraft:shield":40,"minecraft:iron_sword":97,"minecraft:netherrack":105,"minecraft:iron_chestplate":1,"minecraft:torch":4,"minecraft:dirt":34,"minecraft:twisting_vines":11,"minecraft:diamond_helmet":1,"minecraft:granite":3,"minecraft:snowball":21,"minecraft:obsidian":3,"minecraft:spruce_boat":5,"minecraft:stone_brick_slab":1,"minecraft:iron_axe":4,"minecraft:iron_helmet":1,"minecraft:iron_boots":1,"minecraft:bamboo":9,"minecraft:diamond_chestplate":1,"minecraft:furnace":1,"minecraft:iron_leggings":1,"minecraft:water_bucket":2,"minecraft:diorite":5,"minecraft:diamond_boots":1,"minecraft:stone_pickaxe":153,"minecraft:oak_planks":7,"minecraft:wooden_pickaxe":3,"minecraft:white_wool":1,"minecraft:sand":2,"minecraft:crafting_table":5,"minecraft:spruce_log":1,"minecraft:diamond_pickaxe":33,"minecraft:bread":78,"minecraft:iron_pickaxe":153,"minecraft:spruce_sapling":4,"minecraft:fire_charge":1,"minecraft:diamond_sword":38,"minecraft:cobblestone":69,"minecraft:bucket":3,"minecraft:andesite":3,"minecraft:diamond_leggings":1},"minecraft:crafted":{"minecraft:oak_planks":20,"minecraft:furnace":1,"minecraft:diamond_leggings":1,"minecraft:iron_boots":1,"minecraft:stone_pickaxe":2,"minecraft:diamond_boots":1,"minecraft:spruce_boat":1,"minecraft:wheat":99,"minecraft:diamond_sword":1,"minecraft:crafting_table":4,"minecraft:spruce_planks":28,"minecraft:wooden_pickaxe":1,"minecraft:iron_helmet":1,"minecraft:bucket":2,"minecraft:iron_chestplate":1,"minecraft:diamond_pickaxe":1,"minecraft:shield":3,"minecraft:stick":12,"minecraft:iron_ingot":13,"minecraft:iron_leggings":1,"minecraft:torch":4,"minecraft:diamond_chestplate":1},"minecraft:killed":{"minecraft:spider":1,"minecraft:skeleton":4,"minecraft:sheep":2,"minecraft:zombie":16,"minecraft:stray":3,"minecraft:enderman":4},"minecraft:custom":{"minecraft:mob_kills":35,"minecraft:interact_with_crafting_table":16,"minecraft:leave_game":5,"minecraft:time_since_death":8252,"minecraft:climb_one_cm":1307,"minecraft:sprint_one_cm":296160,"minecraft:walk_one_cm":171648,"minecraft:damage_blocked_by_shield":2017,"minecraft:drop":41,"minecraft:play_time":159263,"minecraft:deaths":9,"minecraft:sneak_time":13434,"minecraft:walk_under_water_one_cm":7762,"minecraft:boat_one_cm":598,"minecraft:jump":3202,"minecraft:walk_on_water_one_cm":27993,"minecraft:total_world_time":159263,"minecraft:interact_with_furnace":9,"minecraft:time_since_rest":8293,"minecraft:damage_taken":6842,"minecraft:damage_dealt":8823,"minecraft:swim_one_cm":35648,"minecraft:fly_one_cm":925079,"minecraft:player_kills":3,"minecraft:open_chest":2,"minecraft:crouch_one_cm":31723,"minecraft:fall_one_cm":77989}},"DataVersion":3578}