{"stats":{"minecraft:killed_by":{"minecraft:stray":3,"minecraft:spider":2,"minecraft:zombie":2},"minecraft:picked_up":{"minecraft:crafting_table":3,"minecraft:andesite":16,"minecraft:wooden_pickaxe":1,"minecraft:shield":1,"minecraft:dirt":35,"minecraft:twisting_vines":1,"minecraft:spruce_planks":9,"minecraft:iron_ingot":7,"minecraft:stone_pickaxe":2,"minecraft:bamboo":6,"minecraft:sugar_cane":14,"minecraft:oak_planks":1,"minecraft:furnace":1,"minecraft:stick":1,"minecraft:raw_iron":9,"minecraft:stone_brick_slab":1,"minecraft:gravel":2,"minecraft:sand":2,"minecraft:spruce_sapling":4,"minecraft:spruce_log":4,"minecraft:rotten_flesh":8,"minecraft:spruce_boat":1,"minecraft:granite":6,"minecraft:bread":242,"minecraft:warped_roots":8,"minecraft:netherrack":95,"minecraft:mutton":4,"minecraft:coal":26,"minecraft:snowball":21,"minecraft:white_wool":2,"minecraft:cobblestone":72},"minecraft:dropped":{"minecraft:iron_ingot":3,"minecraft:bread":252,"minecraft:rotten_flesh":6,"minecraft:warped_roots":4,"minecraft:shield":1,"minecraft:spruce_log":12,"minecraft:stone_pickaxe":2},"minecraft:mined":{"minecraft:spruce_planks":13,"minecraft:twisting_vines_plant":1,"minecraft:stone_brick_slab":1,"minecraft:crafting_table":2,"minecraft:torch":1,"minecraft:granite":2,"minecraft:grass_block":20,"minecraft:warped_roots":4,"minecraft:cobblestone":3,"minecraft:spruce_leaves":6,"minecraft:sugar_cane":2,"minecraft:oak_planks":1,"minecraft:large_fern":1,"minecraft:warped_nylium":9,"minecraft:furnace":1,"minecraft:nether_sprouts":2,"minecraft:iron_ore":9,"minecraft:spruce_log":4,"minecraft:andesite":16,"minecraft:grass":1,"minecraft:coal_ore":27,"minecraft:gravel":1,"minecraft:sand":3,"minecraft:dirt":2,"minecraft:stone":65,"minecraft:netherrack":89},"minecraft:used":{"minecraft:flint_and_steel":1,"minecraft:stone_pickaxe":153,"minecraft:oak_planks":7,"minecraft:spruce_planks":72,"minecraft:wooden_pickaxe":3,"minecraft:shield":22,"minecraft:iron_sword":10,"minecraft:netherrack":3,"minecraft:white_wool":1,"minecraft:iron_chestplate":1,"minecraft:torch":4,"minecraft:dirt":22,"minecraft:sand":2,"minecraft:crafting_table":4,"minecraft:twisting_vines":1,"minecraft:granite":3,"minecraft:snowball":21,"minecraft:spruce_log":1,"minecraft:obsidian":3,"minecraft:spruce_boat":1,"minecraft:stone_brick_slab":1,"minecraft:iron_axe":3,"minecraft:bread":25,"minecraft:iron_pickaxe":100,"minecraft:iron_helmet":1,"minecraft:iron_boots":1,"minecraft:spruce_sapling":4,"minecraft:bamboo":9,"minecraft:fire_charge":1,"minecraft:cobblestone":45,"minecraft:furnace":1,"minecraft:andesite":3,"minecraft:iron_leggings":1},"minecraft:crafted":{"minecraft:crafting_table":3,"minecraft:spruce_planks":28,"minecraft:wooden_pickaxe":1,"minecraft:iron_helmet":1,"minecraft:furnace":1,"minecraft:iron_boots":1,"minecraft:iron_chestplate":1,"minecraft:shield":3,"minecraft:stick":8,"minecraft:iron_ingot":9,"minecraft:stone_pickaxe":2,"minecraft:iron_leggings":1,"minecraft:spruce_boat":1,"minecraft:torch":4},"minecraft:killed":{"minecraft:sheep":2,"minecraft:zombie":9,"minecraft:enderman":1},"minecraft:custom":{"minecraft:interact_with_furnace":6,"minecraft:mob_kills":15,"minecraft:interact_with_crafting_table":10,"minecraft:leave_game":2,"minecraft:time_since_death":58057,"minecraft:climb_one_cm":20,"minecraft:time_since_rest":58206,"minecraft:sprint_one_cm":109236,"minecraft:damage_taken":2737,"minecraft:walk_one_cm":94586,"minecraft:damage_blocked_by_shield":700,"minecraft:drop":26,"minecraft:damage_dealt":2652,"minecraft:swim_one_cm":17051,"minecraft:fly_one_cm":471679,"minecraft:open_chest":1,"minecraft:crouch_one_cm":15503,"minecraft:play_time":103651,"minecraft:deaths":7,"minecraft:sneak_time":7442,"minecraft:walk_under_water_one_cm":5383,"minecraft:jump":1289,"minecraft:walk_on_water_one_cm":5181,"minecraft:total_world_time":103651,"minecraft:fall_one_cm":30132}},"DataVersion":3578}