{"stats":{"minecraft:killed_by":{"minecraft:stray":1,"minecraft:spider":2},"minecraft:used":{"minecraft:dirt":10},"minecraft:mined":{"minecraft:grass_block":10},"minecraft:picked_up":{"minecraft:dirt":10},"minecraft:custom":{"minecraft:jump":92,"minecraft:time_since_rest":414,"minecraft:deaths":3,"minecraft:damage_dealt":216,"minecraft:crouch_one_cm":535,"minecraft:sprint_one_cm":8996,"minecraft:play_time":4571,"minecraft:damage_taken":760,"minecraft:time_since_death":211,"minecraft:walk_one_cm":10453,"minecraft:sneak_time":221,"minecraft:total_world_time":4571,"minecraft:fall_one_cm":2012,"minecraft:fly_one_cm":31036}},"DataVersion":3578}