{"stats":{"minecraft:killed_by":{"minecraft:ghast":1,"minecraft:player":1,"minecraft:zombified_piglin":2},"minecraft:picked_up":{"minecraft:crafting_table":7,"minecraft:iron_chestplate":1,"minecraft:feather":1,"minecraft:chicken":4,"minecraft:wooden_pickaxe":2,"minecraft:oak_log":7,"minecraft:shield":3,"minecraft:gunpowder":1,"minecraft:lapis_lazuli":46,"minecraft:string":11,"minecraft:wooden_sword":2,"minecraft:iron_leggings":1,"minecraft:twisting_vines":3,"minecraft:cooked_mutton":8,"minecraft:bone":10,"minecraft:bow":1,"minecraft:wheat_seeds":5,"minecraft:cobbled_deepslate":11,"minecraft:raw_gold":40,"minecraft:spruce_planks":66,"minecraft:iron_ingot":23,"minecraft:stone_pickaxe":5,"minecraft:poppy":2,"minecraft:iron_pickaxe":1,"minecraft:iron_boots":1,"minecraft:furnace":2,"minecraft:tipped_arrow":1,"minecraft:stick":14,"minecraft:raw_iron":78,"minecraft:torch":4,"minecraft:gravel":12,"minecraft:lava_bucket":2,"minecraft:spruce_sapling":1,"minecraft:spruce_log":9,"minecraft:warped_planks":6,"minecraft:stone_sword":2,"minecraft:arrow":2,"minecraft:weeping_vines":2,"minecraft:stone_shovel":1,"minecraft:rotten_flesh":10,"minecraft:cooked_cod":2,"minecraft:diamond":2,"minecraft:spruce_boat":1,"minecraft:stone_axe":1,"minecraft:iron_helmet":2,"minecraft:bread":96,"minecraft:warped_roots":5,"minecraft:oak_sapling":1,"minecraft:netherrack":21,"minecraft:coal":19,"minecraft:crimson_roots":3,"minecraft:white_wool":5,"minecraft:cobblestone":36,"minecraft:ender_pearl":1},"minecraft:dropped":{"minecraft:gravel":6,"minecraft:wheat_seeds":4,"minecraft:twisting_vines":1,"minecraft:feather":1,"minecraft:gunpowder":1,"minecraft:crimson_roots":1,"minecraft:oak_sapling":1,"minecraft:wooden_pickaxe":2},"minecraft:mined":{"minecraft:twisting_vines_plant":1,"minecraft:crimson_nylium":7,"minecraft:crafting_table":5,"minecraft:warped_roots":1,"minecraft:crimson_roots":3,"minecraft:cobblestone":6,"minecraft:spruce_leaves":8,"minecraft:deepslate_gold_ore":20,"minecraft:wall_torch":1,"minecraft:weeping_vines_plant":3,"minecraft:warped_nylium":4,"minecraft:furnace":2,"minecraft:iron_ore":3,"minecraft:fire":7,"minecraft:spruce_log":9,"minecraft:deepslate_lapis_ore":4,"minecraft:oak_log":5,"minecraft:twisting_vines":2,"minecraft:grass":27,"minecraft:coal_ore":8,"minecraft:deepslate_iron_ore":14,"minecraft:gravel":6,"minecraft:packed_ice":4,"minecraft:stone":18,"minecraft:netherrack":43,"minecraft:oak_leaves":3,"minecraft:deepslate":11},"minecraft:used":{"minecraft:water_bucket":1,"minecraft:stone_sword":34,"minecraft:stone_pickaxe":90,"minecraft:oak_planks":3,"minecraft:spruce_planks":70,"minecraft:ender_pearl":1,"minecraft:wooden_pickaxe":3,"minecraft:shield":6,"minecraft:iron_sword":19,"minecraft:rotten_flesh":6,"minecraft:netherrack":18,"minecraft:iron_chestplate":2,"minecraft:crafting_table":7,"minecraft:twisting_vines":1,"minecraft:weeping_vines":1,"minecraft:warped_planks":6,"minecraft:lava_bucket":20,"minecraft:chicken":2,"minecraft:iron_axe":1,"minecraft:bread":32,"minecraft:iron_pickaxe":67,"minecraft:iron_helmet":2,"minecraft:spruce_sapling":1,"minecraft:stone_axe":14,"minecraft:wooden_sword":37,"minecraft:cobblestone":14,"minecraft:furnace":2,"minecraft:bucket":22,"minecraft:cobbled_deepslate":10,"minecraft:bone_meal":12,"minecraft:iron_leggings":2},"minecraft:crafted":{"minecraft:wooden_sword":1,"minecraft:oak_planks":28,"minecraft:crafting_table":3,"minecraft:spruce_planks":36,"minecraft:wooden_pickaxe":1,"minecraft:iron_helmet":1,"minecraft:iron_sword":1,"minecraft:furnace":1,"minecraft:bucket":1,"minecraft:bone_meal":12,"minecraft:stone_axe":1,"minecraft:air":0,"minecraft:iron_boots":1,"minecraft:iron_chestplate":1,"minecraft:shield":2,"minecraft:iron_axe":1,"minecraft:stick":20,"minecraft:iron_ingot":35,"minecraft:iron_pickaxe":2,"minecraft:stone_pickaxe":1,"minecraft:iron_leggings":1},"minecraft:killed":{"minecraft:piglin":1,"minecraft:spider":2,"minecraft:iron_golem":1,"minecraft:polar_bear":2,"minecraft:skeleton":1,"minecraft:zombie":3,"minecraft:enderman":2},"minecraft:custom":{"minecraft:interact_with_furnace":19,"minecraft:mob_kills":13,"minecraft:interact_with_crafting_table":19,"minecraft:leave_game":3,"minecraft:time_since_death":4035,"minecraft:climb_one_cm":234,"minecraft:time_since_rest":4071,"minecraft:sprint_one_cm":183674,"minecraft:damage_taken":3246,"minecraft:walk_one_cm":69640,"minecraft:damage_blocked_by_shield":390,"minecraft:drop":10,"minecraft:damage_dealt":4940,"minecraft:swim_one_cm":37368,"minecraft:player_kills":5,"minecraft:fly_one_cm":287343,"minecraft:open_chest":3,"minecraft:play_time":47612,"minecraft:crouch_one_cm":18982,"minecraft:sneak_time":7275,"minecraft:deaths":7,"minecraft:walk_under_water_one_cm":7211,"minecraft:jump":1496,"minecraft:walk_on_water_one_cm":9364,"minecraft:total_world_time":47612,"minecraft:fall_one_cm":40720}},"DataVersion":3578}