{"stats":{"minecraft:picked_up":{"minecraft:crafting_table":2,"minecraft:raw_iron":3,"minecraft:spruce_sapling":1,"minecraft:spruce_log":5,"minecraft:cobbled_deepslate":2,"minecraft:bread":64,"minecraft:coal":15,"minecraft:cobblestone":18,"minecraft:furnace":1},"minecraft:dropped":{"minecraft:wooden_pickaxe":1},"minecraft:mined":{"minecraft:furnace":1,"minecraft:iron_ore":3,"minecraft:spruce_log":5,"minecraft:crafting_table":2,"minecraft:grass":10,"minecraft:coal_ore":8,"minecraft:spruce_leaves":5,"minecraft:stone":18,"minecraft:deepslate":2},"minecraft:used":{"minecraft:stone_pickaxe":31,"minecraft:bread":1,"minecraft:wooden_pickaxe":3,"minecraft:spruce_sapling":1,"minecraft:cobblestone":1,"minecraft:crafting_table":2,"minecraft:furnace":1},"minecraft:crafted":{"minecraft:crafting_table":1,"minecraft:spruce_planks":20,"minecraft:stick":4,"minecraft:wooden_pickaxe":1,"minecraft:iron_ingot":3,"minecraft:stone_pickaxe":1,"minecraft:furnace":1,"minecraft:bucket":1,"minecraft:air":0},"minecraft:custom":{"minecraft:time_since_rest":5921,"minecraft:interact_with_furnace":3,"minecraft:sprint_one_cm":19501,"minecraft:damage_taken":60,"minecraft:walk_one_cm":7068,"minecraft:drop":1,"minecraft:interact_with_crafting_table":5,"minecraft:fly_one_cm":28918,"minecraft:crouch_one_cm":3145,"minecraft:play_time":5921,"minecraft:sneak_time":1251,"minecraft:jump":149,"minecraft:time_since_death":5921,"minecraft:walk_on_water_one_cm":1246,"minecraft:total_world_time":5921,"minecraft:fall_one_cm":5456}},"DataVersion":3578}