{"stats":{"minecraft:killed_by":{"minecraft:ghast":1,"minecraft:player":1,"minecraft:zombified_piglin":2},"minecraft:picked_up":{"minecraft:iron_chestplate":1,"minecraft:crafting_table":10,"minecraft:wheat":35,"minecraft:chicken":4,"minecraft:chest_minecart":6,"minecraft:diamond_sword":1,"minecraft:wooden_pickaxe":2,"minecraft:shield":5,"minecraft:string":12,"minecraft:wooden_sword":2,"minecraft:iron_leggings":1,"minecraft:activator_rail":1,"minecraft:diamond_leggings":1,"minecraft:cobbled_deepslate":50,"minecraft:detector_rail":5,"minecraft:bucket":1,"minecraft:spruce_planks":66,"minecraft:poppy":2,"minecraft:iron_pickaxe":3,"minecraft:iron_boots":1,"minecraft:furnace":2,"minecraft:tipped_arrow":1,"minecraft:raw_iron":150,"minecraft:stick":14,"minecraft:sandstone":22,"minecraft:torch":36,"minecraft:pointed_dripstone":11,"minecraft:diorite":10,"minecraft:warped_planks":6,"minecraft:redstone":14,"minecraft:diamond_chestplate":2,"minecraft:rotten_flesh":10,"minecraft:weeping_vines":2,"minecraft:stone_sword":2,"minecraft:arrow":2,"minecraft:stone_shovel":1,"minecraft:cooked_cod":2,"minecraft:beetroot_seeds":4,"minecraft:diamond_boots":2,"minecraft:gold_ingot":1,"minecraft:glow_berries":4,"minecraft:mutton":28,"minecraft:white_wool":10,"minecraft:rail":34,"minecraft:cobblestone":194,"minecraft:feather":1,"minecraft:water_bucket":1,"minecraft:andesite":12,"minecraft:flint":2,"minecraft:tuff":2,"minecraft:oak_log":19,"minecraft:gunpowder":1,"minecraft:lapis_lazuli":95,"minecraft:dirt":4,"minecraft:name_tag":1,"minecraft:twisting_vines":3,"minecraft:cooked_mutton":8,"minecraft:bone":10,"minecraft:bow":1,"minecraft:wheat_seeds":16,"minecraft:raw_gold":88,"minecraft:iron_ingot":27,"minecraft:stone_pickaxe":5,"minecraft:diamond_helmet":2,"minecraft:powered_rail":4,"minecraft:oak_planks":23,"minecraft:dripstone_block":3,"minecraft:dandelion":1,"minecraft:lava_bucket":2,"minecraft:gravel":13,"minecraft:sand":5,"minecraft:spruce_sapling":1,"minecraft:spruce_log":14,"minecraft:diamond":70,"minecraft:stone_axe":1,"minecraft:spruce_boat":1,"minecraft:iron_helmet":2,"minecraft:diamond_axe":2,"minecraft:golden_apple":1,"minecraft:warped_roots":5,"minecraft:bread":298,"minecraft:sunflower":1,"minecraft:coal":32,"minecraft:netherrack":21,"minecraft:oak_sapling":1,"minecraft:melon_seeds":4,"minecraft:crimson_roots":3,"minecraft:diamond_pickaxe":1,"minecraft:ender_pearl":1},"minecraft:dropped":{"minecraft:bread":64,"minecraft:iron_sword":1,"minecraft:wheat_seeds":11,"minecraft:diamond_axe":1,"minecraft:lapis_lazuli":49,"minecraft:diamond":31,"minecraft:crafting_table":1,"minecraft:dripstone_block":1,"minecraft:glow_berries":4,"minecraft:cobblestone":40,"minecraft:feather":1,"minecraft:chest_minecart":3,"minecraft:activator_rail":1,"minecraft:rail":34,"minecraft:stick":3,"minecraft:flint":2,"minecraft:dirt":4,"minecraft:diorite":10,"minecraft:torch":4,"minecraft:mutton":12,"minecraft:crimson_roots":1,"minecraft:diamond_helmet":1,"minecraft:wooden_sword":1,"minecraft:sand":5,"minecraft:iron_pickaxe":2,"minecraft:string":1,"minecraft:white_wool":2,"minecraft:gold_ingot":1,"minecraft:redstone":6,"minecraft:gravel":6,"minecraft:stone_axe":1,"minecraft:detector_rail":5,"minecraft:twisting_vines":1,"minecraft:wheat":35,"minecraft:pointed_dripstone":11,"minecraft:name_tag":1,"minecraft:diamond_sword":1,"minecraft:poppy":2,"minecraft:gunpowder":1,"minecraft:andesite":12,"minecraft:beetroot_seeds":4,"minecraft:melon_seeds":4,"minecraft:oak_sapling":1,"minecraft:powered_rail":4,"minecraft:sandstone":4,"minecraft:wooden_pickaxe":3,"minecraft:raw_gold":12},"minecraft:mined":{"minecraft:tuff":2,"minecraft:deepslate_diamond_ore":68,"minecraft:crimson_roots":3,"minecraft:spruce_leaves":8,"minecraft:sandstone":4,"minecraft:weeping_vines_plant":3,"minecraft:furnace":2,"minecraft:iron_ore":3,"minecraft:cobbled_deepslate":1,"minecraft:fire":7,"minecraft:andesite":7,"minecraft:deepslate_lapis_ore":12,"minecraft:twisting_vines":2,"minecraft:pointed_dripstone":7,"minecraft:deepslate_iron_ore":86,"minecraft:packed_ice":4,"minecraft:stone":177,"minecraft:deepslate_redstone_ore":1,"minecraft:twisting_vines_plant":1,"minecraft:crimson_nylium":7,"minecraft:crafting_table":8,"minecraft:warped_roots":1,"minecraft:cobblestone":16,"minecraft:deepslate_gold_ore":32,"minecraft:oak_planks":3,"minecraft:diorite":5,"minecraft:wall_torch":1,"minecraft:warped_nylium":4,"minecraft:spruce_log":9,"minecraft:grass":42,"minecraft:coal_ore":16,"minecraft:oak_log":17,"minecraft:sand":4,"minecraft:dirt":3,"minecraft:gravel":9,"minecraft:dripstone_block":3,"minecraft:cobweb":1,"minecraft:netherrack":43,"minecraft:oak_leaves":3,"minecraft:deepslate":49},"minecraft:used":{"minecraft:stone_sword":34,"minecraft:redstone":2,"minecraft:spruce_planks":90,"minecraft:shield":15,"minecraft:iron_sword":25,"minecraft:rotten_flesh":6,"minecraft:netherrack":18,"minecraft:iron_chestplate":2,"minecraft:torch":32,"minecraft:twisting_vines":1,"minecraft:diamond_helmet":1,"minecraft:tuff":2,"minecraft:weeping_vines":1,"minecraft:lava_bucket":21,"minecraft:iron_axe":1,"minecraft:iron_helmet":2,"minecraft:diamond_chestplate":3,"minecraft:furnace":3,"minecraft:cobbled_deepslate":41,"minecraft:iron_leggings":2,"minecraft:water_bucket":41,"minecraft:diamond_boots":1,"minecraft:stone_pickaxe":90,"minecraft:oak_planks":64,"minecraft:ender_pearl":1,"minecraft:wooden_pickaxe":6,"minecraft:sandstone":9,"minecraft:diamond_axe":21,"minecraft:golden_apple":1,"minecraft:crafting_table":12,"minecraft:dripstone_block":2,"minecraft:warped_planks":6,"minecraft:diamond_pickaxe":239,"minecraft:chicken":2,"minecraft:bread":36,"minecraft:iron_pickaxe":240,"minecraft:gravel":1,"minecraft:spruce_sapling":1,"minecraft:stone_axe":31,"minecraft:diamond_sword":128,"minecraft:wooden_sword":37,"minecraft:cobblestone":129,"minecraft:bucket":64,"minecraft:dandelion":1,"minecraft:bone_meal":12},"minecraft:crafted":{"minecraft:wooden_sword":1,"minecraft:oak_planks":76,"minecraft:furnace":2,"minecraft:bone_meal":12,"minecraft:diamond_helmet":2,"minecraft:diamond_leggings":1,"minecraft:iron_boots":1,"minecraft:iron_axe":1,"minecraft:stone_pickaxe":1,"minecraft:diamond_boots":1,"minecraft:diamond_sword":1,"minecraft:diamond_axe":1,"minecraft:crafting_table":6,"minecraft:spruce_planks":56,"minecraft:wooden_pickaxe":2,"minecraft:iron_helmet":1,"minecraft:iron_sword":2,"minecraft:bucket":2,"minecraft:stone_axe":2,"minecraft:air":0,"minecraft:iron_chestplate":1,"minecraft:diamond_pickaxe":1,"minecraft:shield":3,"minecraft:stick":32,"minecraft:iron_ingot":35,"minecraft:iron_pickaxe":3,"minecraft:iron_leggings":1,"minecraft:diamond_chestplate":1},"minecraft:killed":{"minecraft:spider":2,"minecraft:skeleton":1,"minecraft:piglin":1,"minecraft:iron_golem":1,"minecraft:polar_bear":2,"minecraft:sheep":5,"minecraft:zombie":3,"minecraft:enderman":2},"minecraft:custom":{"minecraft:mob_kills":18,"minecraft:interact_with_crafting_table":34,"minecraft:leave_game":3,"minecraft:time_since_death":611,"minecraft:climb_one_cm":1340,"minecraft:sprint_one_cm":371000,"minecraft:walk_one_cm":143898,"minecraft:damage_blocked_by_shield":998,"minecraft:drop":61,"minecraft:play_time":101612,"minecraft:deaths":9,"minecraft:sneak_time":15481,"minecraft:walk_under_water_one_cm":17504,"minecraft:jump":3406,"minecraft:walk_on_water_one_cm":15641,"minecraft:total_world_time":101612,"minecraft:interact_with_furnace":25,"minecraft:time_since_rest":651,"minecraft:damage_taken":7739,"minecraft:damage_dealt":9442,"minecraft:swim_one_cm":63708,"minecraft:fly_one_cm":612340,"minecraft:player_kills":9,"minecraft:open_chest":3,"minecraft:crouch_one_cm":39733,"minecraft:fall_one_cm":119104}},"DataVersion":3578}