{"stats":{"minecraft:picked_up":{"minecraft:crafting_table":4,"minecraft:raw_iron":64,"minecraft:gravel":6,"minecraft:spruce_sapling":1,"minecraft:string":5,"minecraft:spruce_log":5,"minecraft:lapis_lazuli":23,"minecraft:arrow":1,"minecraft:bone":3,"minecraft:rotten_flesh":4,"minecraft:cooked_cod":2,"minecraft:diamond":1,"minecraft:cobbled_deepslate":11,"minecraft:raw_gold":20,"minecraft:iron_ingot":5,"minecraft:bread":64,"minecraft:coal":17,"minecraft:cobblestone":18,"minecraft:furnace":2},"minecraft:dropped":{"minecraft:wooden_pickaxe":1},"minecraft:mined":{"minecraft:furnace":2,"minecraft:iron_ore":3,"minecraft:spruce_log":5,"minecraft:deepslate_lapis_ore":4,"minecraft:crafting_table":4,"minecraft:grass":10,"minecraft:coal_ore":8,"minecraft:deepslate_iron_ore":14,"minecraft:gravel":6,"minecraft:deepslate_gold_ore":20,"minecraft:spruce_leaves":5,"minecraft:stone":18,"minecraft:netherrack":2,"minecraft:deepslate":11},"minecraft:used":{"minecraft:water_bucket":1,"minecraft:lava_bucket":20,"minecraft:iron_axe":1,"minecraft:stone_pickaxe":35,"minecraft:bread":20,"minecraft:iron_pickaxe":61,"minecraft:shield":1,"minecraft:wooden_pickaxe":3,"minecraft:iron_sword":19,"minecraft:spruce_sapling":1,"minecraft:iron_chestplate":1,"minecraft:cobblestone":3,"minecraft:crafting_table":4,"minecraft:furnace":2,"minecraft:bucket":22,"minecraft:cobbled_deepslate":10,"minecraft:iron_leggings":1},"minecraft:crafted":{"minecraft:iron_boots":1,"minecraft:iron_chestplate":1,"minecraft:iron_axe":1,"minecraft:shield":1,"minecraft:iron_helmet":1,"minecraft:crafting_table":1,"minecraft:spruce_planks":20,"minecraft:stick":12,"minecraft:wooden_pickaxe":1,"minecraft:iron_ingot":35,"minecraft:iron_pickaxe":2,"minecraft:stone_pickaxe":1,"minecraft:iron_sword":1,"minecraft:iron_leggings":1,"minecraft:furnace":1,"minecraft:bucket":1,"minecraft:air":0},"minecraft:killed":{"minecraft:skeleton":1,"minecraft:zombie":3,"minecraft:spider":2,"minecraft:enderman":1,"minecraft:polar_bear":2},"minecraft:custom":{"minecraft:time_since_rest":23265,"minecraft:interact_with_furnace":19,"minecraft:sprint_one_cm":90372,"minecraft:damage_taken":883,"minecraft:walk_one_cm":34372,"minecraft:damage_blocked_by_shield":40,"minecraft:mob_kills":9,"minecraft:drop":1,"minecraft:damage_dealt":1418,"minecraft:swim_one_cm":17154,"minecraft:interact_with_crafting_table":15,"minecraft:fly_one_cm":122062,"minecraft:crouch_one_cm":7660,"minecraft:play_time":23265,"minecraft:sneak_time":3319,"minecraft:walk_under_water_one_cm":3025,"minecraft:jump":662,"minecraft:leave_game":1,"minecraft:time_since_death":23265,"minecraft:walk_on_water_one_cm":7828,"minecraft:total_world_time":23265,"minecraft:fall_one_cm":15510}},"DataVersion":3578}