{"stats":{"minecraft:killed_by":{"minecraft:ghast":1,"minecraft:player":1,"minecraft:zombified_piglin":2},"minecraft:picked_up":{"minecraft:iron_chestplate":1,"minecraft:crafting_table":8,"minecraft:chicken":4,"minecraft:chest_minecart":3,"minecraft:wooden_pickaxe":2,"minecraft:shield":3,"minecraft:string":12,"minecraft:wooden_sword":2,"minecraft:iron_leggings":1,"minecraft:activator_rail":1,"minecraft:cobbled_deepslate":27,"minecraft:detector_rail":5,"minecraft:spruce_planks":66,"minecraft:poppy":2,"minecraft:iron_pickaxe":2,"minecraft:iron_boots":1,"minecraft:furnace":2,"minecraft:tipped_arrow":1,"minecraft:raw_iron":108,"minecraft:stick":14,"minecraft:torch":4,"minecraft:pointed_dripstone":10,"minecraft:warped_planks":6,"minecraft:rotten_flesh":10,"minecraft:weeping_vines":2,"minecraft:stone_sword":2,"minecraft:arrow":2,"minecraft:stone_shovel":1,"minecraft:cooked_cod":2,"minecraft:beetroot_seeds":4,"minecraft:gold_ingot":1,"minecraft:glow_berries":4,"minecraft:mutton":4,"minecraft:white_wool":7,"minecraft:rail":34,"minecraft:cobblestone":39,"minecraft:feather":1,"minecraft:oak_log":11,"minecraft:gunpowder":1,"minecraft:lapis_lazuli":46,"minecraft:name_tag":1,"minecraft:twisting_vines":3,"minecraft:cooked_mutton":8,"minecraft:bone":10,"minecraft:bow":1,"minecraft:wheat_seeds":5,"minecraft:raw_gold":43,"minecraft:iron_ingot":27,"minecraft:stone_pickaxe":5,"minecraft:powered_rail":4,"minecraft:oak_planks":3,"minecraft:dripstone_block":1,"minecraft:dandelion":1,"minecraft:lava_bucket":2,"minecraft:gravel":12,"minecraft:spruce_sapling":1,"minecraft:spruce_log":9,"minecraft:diamond":15,"minecraft:stone_axe":1,"minecraft:spruce_boat":1,"minecraft:iron_helmet":2,"minecraft:golden_apple":1,"minecraft:warped_roots":5,"minecraft:bread":96,"minecraft:coal":24,"minecraft:netherrack":21,"minecraft:oak_sapling":1,"minecraft:melon_seeds":2,"minecraft:crimson_roots":3,"minecraft:ender_pearl":1},"minecraft:dropped":{"minecraft:wheat_seeds":4,"minecraft:feather":1,"minecraft:crimson_roots":1,"minecraft:wooden_sword":1,"minecraft:gravel":6,"minecraft:twisting_vines":1,"minecraft:gunpowder":1,"minecraft:oak_sapling":1,"minecraft:wooden_pickaxe":3},"minecraft:mined":{"minecraft:deepslate_diamond_ore":13,"minecraft:crimson_roots":3,"minecraft:spruce_leaves":8,"minecraft:weeping_vines_plant":3,"minecraft:furnace":2,"minecraft:iron_ore":3,"minecraft:fire":7,"minecraft:deepslate_lapis_ore":4,"minecraft:twisting_vines":2,"minecraft:pointed_dripstone":7,"minecraft:deepslate_iron_ore":44,"minecraft:packed_ice":4,"minecraft:stone":21,"minecraft:twisting_vines_plant":1,"minecraft:crimson_nylium":7,"minecraft:crafting_table":6,"minecraft:warped_roots":1,"minecraft:cobblestone":6,"minecraft:deepslate_gold_ore":23,"minecraft:oak_planks":3,"minecraft:wall_torch":1,"minecraft:warped_nylium":4,"minecraft:spruce_log":9,"minecraft:grass":29,"minecraft:coal_ore":8,"minecraft:oak_log":10,"minecraft:gravel":6,"minecraft:dripstone_block":1,"minecraft:cobweb":1,"minecraft:netherrack":43,"minecraft:oak_leaves":3,"minecraft:deepslate":27},"minecraft:used":{"minecraft:stone_sword":34,"minecraft:spruce_planks":70,"minecraft:shield":6,"minecraft:iron_sword":25,"minecraft:rotten_flesh":6,"minecraft:netherrack":18,"minecraft:iron_chestplate":2,"minecraft:twisting_vines":1,"minecraft:weeping_vines":1,"minecraft:lava_bucket":20,"minecraft:iron_axe":1,"minecraft:iron_helmet":2,"minecraft:furnace":3,"minecraft:cobbled_deepslate":10,"minecraft:iron_leggings":2,"minecraft:water_bucket":1,"minecraft:stone_pickaxe":90,"minecraft:oak_planks":4,"minecraft:ender_pearl":1,"minecraft:wooden_pickaxe":6,"minecraft:crafting_table":10,"minecraft:warped_planks":6,"minecraft:chicken":2,"minecraft:bread":32,"minecraft:iron_pickaxe":137,"minecraft:spruce_sapling":1,"minecraft:stone_axe":23,"minecraft:wooden_sword":37,"minecraft:cobblestone":14,"minecraft:bucket":22,"minecraft:dandelion":1,"minecraft:bone_meal":12},"minecraft:crafted":{"minecraft:wooden_sword":1,"minecraft:oak_planks":28,"minecraft:furnace":2,"minecraft:bone_meal":12,"minecraft:iron_boots":1,"minecraft:iron_axe":1,"minecraft:stone_pickaxe":1,"minecraft:crafting_table":5,"minecraft:spruce_planks":36,"minecraft:wooden_pickaxe":2,"minecraft:iron_helmet":1,"minecraft:iron_sword":2,"minecraft:bucket":1,"minecraft:stone_axe":2,"minecraft:air":0,"minecraft:iron_chestplate":1,"minecraft:shield":3,"minecraft:stick":24,"minecraft:iron_ingot":35,"minecraft:iron_pickaxe":3,"minecraft:iron_leggings":1},"minecraft:killed":{"minecraft:spider":2,"minecraft:skeleton":1,"minecraft:piglin":1,"minecraft:iron_golem":1,"minecraft:polar_bear":2,"minecraft:sheep":2,"minecraft:zombie":3,"minecraft:enderman":2},"minecraft:custom":{"minecraft:mob_kills":15,"minecraft:interact_with_crafting_table":26,"minecraft:leave_game":3,"minecraft:time_since_death":16035,"minecraft:climb_one_cm":1340,"minecraft:sprint_one_cm":248066,"minecraft:walk_one_cm":84860,"minecraft:damage_blocked_by_shield":390,"minecraft:drop":12,"minecraft:play_time":59612,"minecraft:deaths":7,"minecraft:sneak_time":8687,"minecraft:walk_under_water_one_cm":7316,"minecraft:jump":1958,"minecraft:walk_on_water_one_cm":9691,"minecraft:total_world_time":59612,"minecraft:interact_with_furnace":20,"minecraft:time_since_rest":16071,"minecraft:damage_taken":3588,"minecraft:damage_dealt":5253,"minecraft:swim_one_cm":37368,"minecraft:fly_one_cm":394884,"minecraft:player_kills":5,"minecraft:open_chest":3,"minecraft:crouch_one_cm":22834,"minecraft:fall_one_cm":64433}},"DataVersion":3578}