{"stats":{"minecraft:picked_up":{"minecraft:iron_chestplate":1,"minecraft:crafting_table":7,"minecraft:feather":1,"minecraft:chicken":2,"minecraft:shield":1,"minecraft:gunpowder":1,"minecraft:lapis_lazuli":46,"minecraft:string":11,"minecraft:iron_leggings":1,"minecraft:twisting_vines":1,"minecraft:cooked_mutton":8,"minecraft:bone":6,"minecraft:bow":1,"minecraft:wheat_seeds":1,"minecraft:cobbled_deepslate":11,"minecraft:raw_gold":40,"minecraft:spruce_planks":66,"minecraft:iron_ingot":6,"minecraft:stone_pickaxe":2,"minecraft:iron_pickaxe":1,"minecraft:iron_boots":1,"minecraft:furnace":2,"minecraft:tipped_arrow":1,"minecraft:stick":6,"minecraft:raw_iron":78,"minecraft:lava_bucket":1,"minecraft:gravel":12,"minecraft:spruce_sapling":1,"minecraft:warped_planks":6,"minecraft:spruce_log":9,"minecraft:stone_shovel":1,"minecraft:stone_sword":1,"minecraft:arrow":2,"minecraft:rotten_flesh":10,"minecraft:cooked_cod":2,"minecraft:diamond":2,"minecraft:spruce_boat":1,"minecraft:iron_helmet":1,"minecraft:warped_roots":5,"minecraft:bread":96,"minecraft:netherrack":18,"minecraft:crimson_roots":2,"minecraft:coal":19,"minecraft:white_wool":5,"minecraft:cobblestone":24,"minecraft:ender_pearl":1},"minecraft:dropped":{"minecraft:gravel":6,"minecraft:twisting_vines":1,"minecraft:feather":1,"minecraft:gunpowder":1,"minecraft:wooden_pickaxe":1},"minecraft:mined":{"minecraft:twisting_vines_plant":1,"minecraft:crimson_nylium":7,"minecraft:crafting_table":5,"minecraft:warped_roots":1,"minecraft:crimson_roots":2,"minecraft:spruce_leaves":8,"minecraft:deepslate_gold_ore":20,"minecraft:weeping_vines_plant":1,"minecraft:warped_nylium":4,"minecraft:furnace":2,"minecraft:iron_ore":3,"minecraft:spruce_log":9,"minecraft:deepslate_lapis_ore":4,"minecraft:grass":10,"minecraft:coal_ore":8,"minecraft:deepslate_iron_ore":14,"minecraft:gravel":6,"minecraft:packed_ice":4,"minecraft:stone":18,"minecraft:netherrack":18,"minecraft:deepslate":11},"minecraft:used":{"minecraft:water_bucket":1,"minecraft:stone_sword":31,"minecraft:stone_pickaxe":59,"minecraft:ender_pearl":1,"minecraft:spruce_planks":70,"minecraft:shield":6,"minecraft:wooden_pickaxe":3,"minecraft:iron_sword":19,"minecraft:rotten_flesh":6,"minecraft:netherrack":18,"minecraft:iron_chestplate":2,"minecraft:crafting_table":6,"minecraft:warped_planks":6,"minecraft:lava_bucket":20,"minecraft:iron_axe":1,"minecraft:bread":32,"minecraft:iron_pickaxe":67,"minecraft:iron_helmet":1,"minecraft:spruce_sapling":1,"minecraft:stone_axe":14,"minecraft:cobblestone":6,"minecraft:furnace":2,"minecraft:bucket":22,"minecraft:cobbled_deepslate":10,"minecraft:iron_leggings":2},"minecraft:crafted":{"minecraft:crafting_table":2,"minecraft:spruce_planks":36,"minecraft:wooden_pickaxe":1,"minecraft:iron_helmet":1,"minecraft:iron_sword":1,"minecraft:furnace":1,"minecraft:bucket":1,"minecraft:stone_axe":1,"minecraft:air":0,"minecraft:iron_boots":1,"minecraft:iron_chestplate":1,"minecraft:shield":2,"minecraft:iron_axe":1,"minecraft:stick":16,"minecraft:iron_ingot":35,"minecraft:iron_pickaxe":2,"minecraft:stone_pickaxe":1,"minecraft:iron_leggings":1},"minecraft:killed":{"minecraft:piglin":1,"minecraft:spider":2,"minecraft:polar_bear":2,"minecraft:skeleton":1,"minecraft:zombie":3,"minecraft:enderman":2},"minecraft:custom":{"minecraft:interact_with_furnace":19,"minecraft:mob_kills":12,"minecraft:interact_with_crafting_table":18,"minecraft:leave_game":2,"minecraft:time_since_death":0,"minecraft:time_since_rest":5,"minecraft:sprint_one_cm":133138,"minecraft:damage_taken":1781,"minecraft:walk_one_cm":51366,"minecraft:damage_blocked_by_shield":390,"minecraft:drop":5,"minecraft:damage_dealt":3216,"minecraft:swim_one_cm":37368,"minecraft:player_kills":4,"minecraft:fly_one_cm":176445,"minecraft:open_chest":3,"minecraft:crouch_one_cm":15021,"minecraft:play_time":35453,"minecraft:deaths":2,"minecraft:sneak_time":5239,"minecraft:walk_under_water_one_cm":7211,"minecraft:jump":998,"minecraft:walk_on_water_one_cm":9364,"minecraft:total_world_time":35453,"minecraft:fall_one_cm":25284}},"DataVersion":3578}