{"stats":{"minecraft:used":{"minecraft:dirt":1,"minecraft:sand":12},"minecraft:picked_up":{"minecraft:sand":12,"minecraft:dirt":1},"minecraft:mined":{"minecraft:grass":1,"minecraft:grass_block":1,"minecraft:sand":12},"minecraft:custom":{"minecraft:jump":25,"minecraft:time_since_rest":2290,"minecraft:leave_game":1,"minecraft:play_time":2290,"minecraft:sprint_one_cm":2978,"minecraft:damage_taken":80,"minecraft:time_since_death":2290,"minecraft:walk_one_cm":3172,"minecraft:total_world_time":2290,"minecraft:fall_one_cm":1757,"minecraft:fly_one_cm":2045}},"DataVersion":3578}