{"stats":{"minecraft:custom":{"minecraft:jump":64,"minecraft:time_since_rest":4661,"minecraft:leave_game":2,"minecraft:play_time":4661,"minecraft:sprint_one_cm":9201,"minecraft:damage_taken":100,"minecraft:time_since_death":4661,"minecraft:walk_one_cm":5527,"minecraft:total_world_time":4661,"minecraft:fall_one_cm":2866,"minecraft:fly_one_cm":13931},"minecraft:picked_up":{"minecraft:sand":12,"minecraft:dirt":1},"minecraft:mined":{"minecraft:grass":1,"minecraft:grass_block":1,"minecraft:sand":12},"minecraft:used":{"minecraft:dirt":1,"minecraft:sand":12}},"DataVersion":3578}