{"stats":{"minecraft:killed_by":{"minecraft:player":1},"minecraft:picked_up":{"minecraft:warped_stem":3,"minecraft:warped_roots":1},"minecraft:dropped":{"minecraft:warped_roots":1},"minecraft:used":{"minecraft:wooden_sword":5,"minecraft:crafting_table":1},"minecraft:crafted":{"minecraft:warped_planks":12,"minecraft:wooden_sword":1,"minecraft:crafting_table":1,"minecraft:stick":4,"minecraft:wooden_axe":1},"minecraft:custom":{"minecraft:time_since_rest":1037,"minecraft:crouch_one_cm":497,"minecraft:play_time":3872,"minecraft:deaths":1,"minecraft:damage_taken":481,"minecraft:walk_one_cm":3737,"minecraft:sneak_time":776,"minecraft:drop":1,"minecraft:jump":126,"minecraft:damage_dealt":277,"minecraft:leave_game":1,"minecraft:time_since_death":1003,"minecraft:total_world_time":3872,"minecraft:interact_with_crafting_table":3,"minecraft:fall_one_cm":1730,"minecraft:fly_one_cm":41356,"minecraft:player_kills":1}},"DataVersion":3578}