{
  "minecraft:recipes/decorations/crafting_table": {
    "criteria": {
      "unlock_right_away": "2024-07-05 21:18:25 +0000"
    },
    "done": true
  },
  "minecraft:adventure/root": {
    "criteria": {
      "killed_by_something": "2024-07-05 21:20:25 +0000"
    },
    "done": true
  },
  "minecraft:adventure/adventuring_time": {
    "criteria": {
      "minecraft:frozen_river": "2024-07-05 21:19:40 +0000",
      "minecraft:snowy_plains": "2024-07-05 21:18:26 +0000",
      "minecraft:snowy_beach": "2024-07-05 21:19:01 +0000"
    },
    "done": false
  },
  "DataVersion": 3578
}